{"nm":"05","ddd":0,"h":1272,"w":1272,"meta":{"g":"@lottiefiles/toolkit-js 0.33.2"},"layers":[{"ty":4,"nm":"foot1","sr":1,"st":0,"op":180,"ip":0,"hd":false,"ddd":0,"bm":0,"hasMask":false,"ao":0,"ks":{"a":{"a":0,"k":[116.562,37.872,0],"ix":1},"s":{"a":0,"k":[100,100,100],"ix":6},"sk":{"a":0,"k":0},"p":{"a":1,"k":[{"o":{"x":0.333,"y":0},"i":{"x":0.667,"y":1},"s":[488.331,1093.126,0],"t":0,"ti":[0,0,0],"to":[-9.667,0,0]},{"o":{"x":0.333,"y":0},"i":{"x":0.667,"y":1},"s":[430.331,1093.126,0],"t":60,"ti":[-9.667,0,0],"to":[0,0,0]},{"s":[488.331,1093.126,0],"t":120}],"ix":2},"r":{"a":0,"k":0,"ix":10},"sa":{"a":0,"k":0},"o":{"a":0,"k":100,"ix":11}},"ef":[],"shapes":[{"ty":"gr","bm":0,"hd":false,"mn":"ADBE Vector Group","nm":"Group 1","ix":1,"cix":2,"np":2,"it":[{"ty":"sh","bm":0,"hd":false,"mn":"ADBE Vector Shape - Group","nm":"Path 1","ix":1,"d":1,"ks":{"a":0,"k":{"c":true,"i":[[-6.295,-0.899],[-0.899,5.996],[6.296,0.899],[0.9,-5.996]],"o":[[6.295,0.899],[0.9,-5.995],[-6.295,-0.898],[-0.899,5.995]],"v":[[-1.649,10.792],[11.241,1.799],[1.648,-10.793],[-11.242,-1.799]]},"ix":2}},{"ty":"fl","bm":0,"hd":false,"mn":"ADBE Vector Graphic - Fill","nm":"Fill 1","c":{"a":0,"k":[0.7961,0.8941,0.9882],"ix":4},"r":1,"o":{"a":0,"k":100,"ix":5}},{"ty":"tr","a":{"a":0,"k":[0,0],"ix":1},"s":{"a":0,"k":[100,100],"ix":3},"sk":{"a":0,"k":0,"ix":4},"p":{"a":0,"k":[122.109,29.328],"ix":2},"r":{"a":0,"k":0,"ix":6},"sa":{"a":0,"k":0,"ix":5},"o":{"a":0,"k":100,"ix":7}}]}],"ind":1},{"ty":4,"nm":"foot2","sr":1,"st":0,"op":180,"ip":0,"hd":false,"ddd":0,"bm":0,"hasMask":false,"ao":0,"ks":{"a":{"a":0,"k":[116.712,37.272,0],"ix":1},"s":{"a":0,"k":[100,100,100],"ix":6},"sk":{"a":0,"k":0},"p":{"a":0,"k":[743.29,1094.624,0],"ix":2},"r":{"a":0,"k":0,"ix":10},"sa":{"a":0,"k":0},"o":{"a":0,"k":100,"ix":11}},"ef":[],"shapes":[{"ty":"gr","bm":0,"hd":false,"mn":"ADBE Vector Group","nm":"Group 1","ix":1,"cix":2,"np":2,"it":[{"ty":"sh","bm":0,"hd":false,"mn":"ADBE Vector Shape - Group","nm":"Path 1","ix":1,"d":1,"ks":{"a":0,"k":{"c":true,"i":[[6.295,-0.899],[0.9,5.995],[-5.995,0.899],[-0.899,-5.995]],"o":[[-6.296,0.899],[-0.899,-5.995],[6.295,-0.899],[1.198,5.996]],"v":[[1.65,10.792],[-11.242,1.799],[-1.948,-10.792],[10.943,-1.799]]},"ix":2}},{"ty":"fl","bm":0,"hd":false,"mn":"ADBE Vector Graphic - Fill","nm":"Fill 1","c":{"a":0,"k":[0.7961,0.8941,0.9882],"ix":4},"r":1,"o":{"a":0,"k":100,"ix":5}},{"ty":"tr","a":{"a":0,"k":[0,0],"ix":1},"s":{"a":0,"k":[100,100],"ix":3},"sk":{"a":0,"k":0,"ix":4},"p":{"a":0,"k":[111.016,29.329],"ix":2},"r":{"a":0,"k":0,"ix":6},"sa":{"a":0,"k":0,"ix":5},"o":{"a":0,"k":100,"ix":7}}]}],"ind":2},{"ty":4,"nm":"m2","sr":1,"st":0,"op":180,"ip":0,"hd":false,"ddd":0,"bm":0,"hasMask":false,"ao":0,"ks":{"a":{"a":0,"k":[116.862,36.098,0],"ix":1},"s":{"a":0,"k":[100,100,100],"ix":6},"sk":{"a":0,"k":0},"p":{"a":0,"k":[388.458,208.417,0],"ix":2},"r":{"a":1,"k":[{"o":{"x":0.333,"y":0},"i":{"x":0.667,"y":1},"s":[0],"t":0},{"o":{"x":0.333,"y":0},"i":{"x":0.667,"y":1},"s":[1],"t":60},{"s":[0],"t":120}],"ix":10},"sa":{"a":0,"k":0},"o":{"a":0,"k":100,"ix":11}},"ef":[],"shapes":[{"ty":"gr","bm":0,"hd":false,"mn":"ADBE Vector Group","nm":"Group 1","ix":1,"cix":2,"np":2,"it":[{"ty":"sh","bm":0,"hd":false,"mn":"ADBE Vector Shape - Group","nm":"Path 1","ix":1,"d":1,"ks":{"a":0,"k":{"c":false,"i":[[0,0],[0,0]],"o":[[0,0],[0,0]],"v":[[225.08,21.285],[225.08,35.374]]},"ix":2}},{"ty":"st","bm":0,"hd":false,"mn":"ADBE Vector Graphic - Stroke","nm":"Stroke 1","lc":2,"lj":2,"ml":1,"o":{"a":0,"k":100,"ix":4},"w":{"a":0,"k":3,"ix":5},"c":{"a":0,"k":[0.2863,0.4745,0.7373],"ix":3}},{"ty":"tr","a":{"a":0,"k":[0,0],"ix":1},"s":{"a":0,"k":[100,100],"ix":3},"sk":{"a":0,"k":0,"ix":4},"p":{"a":0,"k":[0,0],"ix":2},"r":{"a":0,"k":0,"ix":6},"sa":{"a":0,"k":0,"ix":5},"o":{"a":0,"k":100,"ix":7}}]},{"ty":"gr","bm":0,"hd":false,"mn":"ADBE Vector Group","nm":"Group 2","ix":2,"cix":2,"np":2,"it":[{"ty":"sh","bm":0,"hd":false,"mn":"ADBE Vector Shape - Group","nm":"Path 1","ix":1,"d":1,"ks":{"a":0,"k":{"c":false,"i":[[0,0],[0,0]],"o":[[0,0],[0,0]],"v":[[209.492,14.39],[209.492,28.479]]},"ix":2}},{"ty":"st","bm":0,"hd":false,"mn":"ADBE Vector Graphic - Stroke","nm":"Stroke 1","lc":2,"lj":2,"ml":1,"o":{"a":0,"k":100,"ix":4},"w":{"a":0,"k":3,"ix":5},"c":{"a":0,"k":[0.2863,0.4745,0.7373],"ix":3}},{"ty":"tr","a":{"a":0,"k":[0,0],"ix":1},"s":{"a":0,"k":[100,100],"ix":3},"sk":{"a":0,"k":0,"ix":4},"p":{"a":0,"k":[0,0],"ix":2},"r":{"a":0,"k":0,"ix":6},"sa":{"a":0,"k":0,"ix":5},"o":{"a":0,"k":100,"ix":7}}]},{"ty":"gr","bm":0,"hd":false,"mn":"ADBE Vector Group","nm":"Group 3","ix":3,"cix":2,"np":2,"it":[{"ty":"sh","bm":0,"hd":false,"mn":"ADBE Vector Shape - Group","nm":"Path 1","ix":1,"d":1,"ks":{"a":0,"k":{"c":false,"i":[[0,0],[0,0]],"o":[[0,0],[0,0]],"v":[[188.508,9.294],[188.508,23.383]]},"ix":2}},{"ty":"st","bm":0,"hd":false,"mn":"ADBE Vector Graphic - Stroke","nm":"Stroke 1","lc":2,"lj":2,"ml":1,"o":{"a":0,"k":100,"ix":4},"w":{"a":0,"k":3,"ix":5},"c":{"a":0,"k":[0.2863,0.4745,0.7373],"ix":3}},{"ty":"tr","a":{"a":0,"k":[0,0],"ix":1},"s":{"a":0,"k":[100,100],"ix":3},"sk":{"a":0,"k":0,"ix":4},"p":{"a":0,"k":[0,0],"ix":2},"r":{"a":0,"k":0,"ix":6},"sa":{"a":0,"k":0,"ix":5},"o":{"a":0,"k":100,"ix":7}}]},{"ty":"gr","bm":0,"hd":false,"mn":"ADBE Vector Group","nm":"Group 4","ix":4,"cix":2,"np":2,"it":[{"ty":"sh","bm":0,"hd":false,"mn":"ADBE Vector Shape - Group","nm":"Path 1","ix":1,"d":1,"ks":{"a":0,"k":{"c":false,"i":[[0,0],[0,0]],"o":[[0,0],[0,0]],"v":[[162.728,4.498],[162.728,18.587]]},"ix":2}},{"ty":"st","bm":0,"hd":false,"mn":"ADBE Vector Graphic - Stroke","nm":"Stroke 1","lc":2,"lj":2,"ml":1,"o":{"a":0,"k":100,"ix":4},"w":{"a":0,"k":3,"ix":5},"c":{"a":0,"k":[0.2863,0.4745,0.7373],"ix":3}},{"ty":"tr","a":{"a":0,"k":[0,0],"ix":1},"s":{"a":0,"k":[100,100],"ix":3},"sk":{"a":0,"k":0,"ix":4},"p":{"a":0,"k":[0,0],"ix":2},"r":{"a":0,"k":0,"ix":6},"sa":{"a":0,"k":0,"ix":5},"o":{"a":0,"k":100,"ix":7}}]},{"ty":"gr","bm":0,"hd":false,"mn":"ADBE Vector Group","nm":"Group 5","ix":5,"cix":2,"np":2,"it":[{"ty":"sh","bm":0,"hd":false,"mn":"ADBE Vector Shape - Group","nm":"Path 1","ix":1,"d":1,"ks":{"a":0,"k":{"c":false,"i":[[0,0],[0,0]],"o":[[0,0],[0,0]],"v":[[135.149,2.1],[135.149,16.189]]},"ix":2}},{"ty":"st","bm":0,"hd":false,"mn":"ADBE Vector Graphic - Stroke","nm":"Stroke 1","lc":2,"lj":2,"ml":1,"o":{"a":0,"k":100,"ix":4},"w":{"a":0,"k":3,"ix":5},"c":{"a":0,"k":[0.2863,0.4745,0.7373],"ix":3}},{"ty":"tr","a":{"a":0,"k":[0,0],"ix":1},"s":{"a":0,"k":[100,100],"ix":3},"sk":{"a":0,"k":0,"ix":4},"p":{"a":0,"k":[0,0],"ix":2},"r":{"a":0,"k":0,"ix":6},"sa":{"a":0,"k":0,"ix":5},"o":{"a":0,"k":100,"ix":7}}]},{"ty":"gr","bm":0,"hd":false,"mn":"ADBE Vector Group","nm":"Group 6","ix":6,"cix":2,"np":2,"it":[{"ty":"sh","bm":0,"hd":false,"mn":"ADBE Vector Shape - Group","nm":"Path 1","ix":1,"d":1,"ks":{"a":0,"k":{"c":false,"i":[[0,0],[0,0]],"o":[[0,0],[0,0]],"v":[[106.07,1.5],[106.07,15.589]]},"ix":2}},{"ty":"st","bm":0,"hd":false,"mn":"ADBE Vector Graphic - Stroke","nm":"Stroke 1","lc":2,"lj":2,"ml":1,"o":{"a":0,"k":100,"ix":4},"w":{"a":0,"k":3,"ix":5},"c":{"a":0,"k":[0.2863,0.4745,0.7373],"ix":3}},{"ty":"tr","a":{"a":0,"k":[0,0],"ix":1},"s":{"a":0,"k":[100,100],"ix":3},"sk":{"a":0,"k":0,"ix":4},"p":{"a":0,"k":[0,0],"ix":2},"r":{"a":0,"k":0,"ix":6},"sa":{"a":0,"k":0,"ix":5},"o":{"a":0,"k":100,"ix":7}}]},{"ty":"gr","bm":0,"hd":false,"mn":"ADBE Vector Group","nm":"Group 7","ix":7,"cix":2,"np":2,"it":[{"ty":"sh","bm":0,"hd":false,"mn":"ADBE Vector Shape - Group","nm":"Path 1","ix":1,"d":1,"ks":{"a":0,"k":{"c":false,"i":[[0,0],[0,0]],"o":[[0,0],[0,0]],"v":[[77.591,2.1],[77.591,16.189]]},"ix":2}},{"ty":"st","bm":0,"hd":false,"mn":"ADBE Vector Graphic - Stroke","nm":"Stroke 1","lc":2,"lj":2,"ml":1,"o":{"a":0,"k":100,"ix":4},"w":{"a":0,"k":3,"ix":5},"c":{"a":0,"k":[0.2863,0.4745,0.7373],"ix":3}},{"ty":"tr","a":{"a":0,"k":[0,0],"ix":1},"s":{"a":0,"k":[100,100],"ix":3},"sk":{"a":0,"k":0,"ix":4},"p":{"a":0,"k":[0,0],"ix":2},"r":{"a":0,"k":0,"ix":6},"sa":{"a":0,"k":0,"ix":5},"o":{"a":0,"k":100,"ix":7}}]},{"ty":"gr","bm":0,"hd":false,"mn":"ADBE Vector Group","nm":"Group 8","ix":8,"cix":2,"np":2,"it":[{"ty":"sh","bm":0,"hd":false,"mn":"ADBE Vector Shape - Group","nm":"Path 1","ix":1,"d":1,"ks":{"a":0,"k":{"c":false,"i":[[0,0],[0,0]],"o":[[0,0],[0,0]],"v":[[50.312,4.498],[50.312,18.587]]},"ix":2}},{"ty":"st","bm":0,"hd":false,"mn":"ADBE Vector Graphic - Stroke","nm":"Stroke 1","lc":2,"lj":2,"ml":1,"o":{"a":0,"k":100,"ix":4},"w":{"a":0,"k":3,"ix":5},"c":{"a":0,"k":[0.2863,0.4745,0.7373],"ix":3}},{"ty":"tr","a":{"a":0,"k":[0,0],"ix":1},"s":{"a":0,"k":[100,100],"ix":3},"sk":{"a":0,"k":0,"ix":4},"p":{"a":0,"k":[0,0],"ix":2},"r":{"a":0,"k":0,"ix":6},"sa":{"a":0,"k":0,"ix":5},"o":{"a":0,"k":100,"ix":7}}]},{"ty":"gr","bm":0,"hd":false,"mn":"ADBE Vector Group","nm":"Group 9","ix":9,"cix":2,"np":2,"it":[{"ty":"sh","bm":0,"hd":false,"mn":"ADBE Vector Shape - Group","nm":"Path 1","ix":1,"d":1,"ks":{"a":0,"k":{"c":false,"i":[[0,0],[0,0]],"o":[[0,0],[0,0]],"v":[[7.444,15.589],[7.444,29.678]]},"ix":2}},{"ty":"st","bm":0,"hd":false,"mn":"ADBE Vector Graphic - Stroke","nm":"Stroke 1","lc":2,"lj":2,"ml":1,"o":{"a":0,"k":100,"ix":4},"w":{"a":0,"k":3,"ix":5},"c":{"a":0,"k":[0.2863,0.4745,0.7373],"ix":3}},{"ty":"tr","a":{"a":0,"k":[0,0],"ix":1},"s":{"a":0,"k":[100,100],"ix":3},"sk":{"a":0,"k":0,"ix":4},"p":{"a":0,"k":[0,0],"ix":2},"r":{"a":0,"k":0,"ix":6},"sa":{"a":0,"k":0,"ix":5},"o":{"a":0,"k":100,"ix":7}}]},{"ty":"gr","bm":0,"hd":false,"mn":"ADBE Vector Group","nm":"Group 10","ix":10,"cix":2,"np":2,"it":[{"ty":"sh","bm":0,"hd":false,"mn":"ADBE Vector Shape - Group","nm":"Path 1","ix":1,"d":1,"ks":{"a":0,"k":{"c":false,"i":[[0,0],[0,0]],"o":[[0,0],[0,0]],"v":[[26.03,8.395],[26.03,22.484]]},"ix":2}},{"ty":"st","bm":0,"hd":false,"mn":"ADBE Vector Graphic - Stroke","nm":"Stroke 1","lc":2,"lj":2,"ml":1,"o":{"a":0,"k":100,"ix":4},"w":{"a":0,"k":3,"ix":5},"c":{"a":0,"k":[0.2863,0.4745,0.7373],"ix":3}},{"ty":"tr","a":{"a":0,"k":[0,0],"ix":1},"s":{"a":0,"k":[100,100],"ix":3},"sk":{"a":0,"k":0,"ix":4},"p":{"a":0,"k":[0,0],"ix":2},"r":{"a":0,"k":0,"ix":6},"sa":{"a":0,"k":0,"ix":5},"o":{"a":0,"k":100,"ix":7}}]},{"ty":"gr","bm":0,"hd":false,"mn":"ADBE Vector Group","nm":"Group 11","ix":11,"cix":2,"np":2,"it":[{"ty":"sh","bm":0,"hd":false,"mn":"ADBE Vector Shape - Group","nm":"Path 1","ix":1,"d":1,"ks":{"a":0,"k":{"c":true,"i":[[12.89,-7.794],[0,-5.695],[0,0],[-0.599,0.9],[-9.293,2.398],[-48.564,-0.899],[-16.187,-3.297],[-3.597,-5.096],[-0.3,0.9],[0,0],[4.797,2.698],[25.481,2.998],[44.967,-2.698]],"o":[[-4.796,2.998],[0,0],[0,0.899],[3.298,-3.297],[20.985,-5.696],[48.264,0.899],[14.09,2.998],[0.6,0.899],[0,0],[0,-5.696],[-8.393,-4.497],[-48.864,-5.995],[-22.483,1.499]],"v":[[-107.319,-20.984],[-115.113,-6.895],[-116.612,29.678],[-114.814,30.277],[-94.729,17.987],[-3.897,10.492],[88.133,19.485],[112.715,34.774],[115.712,34.174],[116.612,-0.899],[109.417,-14.689],[59.655,-29.078],[-57.857,-32.975]]},"ix":2}},{"ty":"fl","bm":0,"hd":false,"mn":"ADBE Vector Graphic - Fill","nm":"Fill 1","c":{"a":0,"k":[0.7961,0.8941,0.9882],"ix":4},"r":1,"o":{"a":0,"k":100,"ix":5}},{"ty":"tr","a":{"a":0,"k":[0,0],"ix":1},"s":{"a":0,"k":[100,100],"ix":3},"sk":{"a":0,"k":0,"ix":4},"p":{"a":0,"k":[116.862,36.274],"ix":2},"r":{"a":0,"k":0,"ix":6},"sa":{"a":0,"k":0,"ix":5},"o":{"a":0,"k":100,"ix":7}}]}],"ind":3,"parent":8},{"ty":4,"nm":"lines 2","sr":1,"st":0,"op":180,"ip":0,"hd":false,"ddd":0,"bm":0,"hasMask":false,"ao":0,"ks":{"a":{"a":0,"k":[261.255,39.423,0],"ix":1},"s":{"a":0,"k":[100,100,100],"ix":6},"sk":{"a":0,"k":0},"p":{"a":0,"k":[382.312,109.218,0],"ix":2},"r":{"a":0,"k":0,"ix":10},"sa":{"a":0,"k":0},"o":{"a":0,"k":100,"ix":11}},"ef":[],"shapes":[{"ty":"gr","bm":0,"hd":false,"mn":"ADBE Vector Group","nm":"Group 1","ix":1,"cix":2,"np":2,"it":[{"ty":"sh","bm":0,"hd":false,"mn":"ADBE Vector Shape - Group","nm":"Path 1","ix":1,"d":1,"ks":{"a":0,"k":{"c":false,"i":[[0,0],[-2.998,19.485]],"o":[[0,0],[0,0]],"v":[[1.199,20.085],[1.499,-20.085]]},"ix":2}},{"ty":"st","bm":0,"hd":false,"mn":"ADBE Vector Graphic - Stroke","nm":"Stroke 1","lc":2,"lj":2,"ml":1,"o":{"a":0,"k":100,"ix":4},"w":{"a":0,"k":3,"ix":5},"c":{"a":0,"k":[0.2588,0.302,0.3176],"ix":3}},{"ty":"tr","a":{"a":0,"k":[0,0],"ix":1},"s":{"a":0,"k":[100,100],"ix":3},"sk":{"a":0,"k":0,"ix":4},"p":{"a":0,"k":[183.164,55.76],"ix":2},"r":{"a":0,"k":0,"ix":6},"sa":{"a":0,"k":0,"ix":5},"o":{"a":0,"k":100,"ix":7}}]},{"ty":"gr","bm":0,"hd":false,"mn":"ADBE Vector Group","nm":"Group 2","ix":2,"cix":2,"np":2,"it":[{"ty":"sh","bm":0,"hd":false,"mn":"ADBE Vector Shape - Group","nm":"Path 1","ix":1,"d":1,"ks":{"a":0,"k":{"c":false,"i":[[0,0],[2.998,19.485]],"o":[[0,0],[0,0]],"v":[[-1.199,20.085],[-1.499,-20.085]]},"ix":2}},{"ty":"st","bm":0,"hd":false,"mn":"ADBE Vector Graphic - Stroke","nm":"Stroke 1","lc":2,"lj":2,"ml":1,"o":{"a":0,"k":100,"ix":4},"w":{"a":0,"k":3,"ix":5},"c":{"a":0,"k":[0.2588,0.302,0.3176],"ix":3}},{"ty":"tr","a":{"a":0,"k":[0,0],"ix":1},"s":{"a":0,"k":[100,100],"ix":3},"sk":{"a":0,"k":0,"ix":4},"p":{"a":0,"k":[361.829,51.264],"ix":2},"r":{"a":0,"k":0,"ix":6},"sa":{"a":0,"k":0,"ix":5},"o":{"a":0,"k":100,"ix":7}}]}],"ind":4,"parent":8},{"ty":4,"nm":"lines","sr":1,"st":0,"op":180,"ip":0,"hd":false,"ddd":0,"bm":0,"hasMask":false,"ao":0,"ks":{"a":{"a":0,"k":[261.255,39.423,0],"ix":1},"s":{"a":0,"k":[100,100,100],"ix":6},"sk":{"a":0,"k":0},"p":{"a":1,"k":[{"o":{"x":0.333,"y":0},"i":{"x":0.667,"y":1},"s":[382.192,109.71,0],"t":0,"ti":[0,0,0],"to":[1.187,0.355,0]},{"o":{"x":0.333,"y":0},"i":{"x":0.667,"y":1},"s":[389.313,111.84,0],"t":60,"ti":[1.187,0.355,0],"to":[0,0,0]},{"s":[382.192,109.71,0],"t":120}],"ix":2},"r":{"a":1,"k":[{"o":{"x":0.333,"y":0},"i":{"x":0.667,"y":1},"s":[1],"t":0},{"o":{"x":0.333,"y":0},"i":{"x":0.667,"y":1},"s":[-1],"t":60},{"s":[1],"t":120}],"ix":10},"sa":{"a":0,"k":0},"o":{"a":0,"k":100,"ix":11}},"ef":[],"shapes":[{"ty":"gr","bm":0,"hd":false,"mn":"ADBE Vector Group","nm":"Group 3","ix":1,"cix":2,"np":2,"it":[{"ty":"sh","bm":0,"hd":false,"mn":"ADBE Vector Shape - Group","nm":"Path 1","ix":1,"d":1,"ks":{"a":0,"k":{"c":false,"i":[[0,0],[-2.998,-6.295]],"o":[[0,0],[0,0]],"v":[[-11.391,-17.687],[11.391,17.687]]},"ix":2}},{"ty":"st","bm":0,"hd":false,"mn":"ADBE Vector Graphic - Stroke","nm":"Stroke 1","lc":2,"lj":2,"ml":1,"o":{"a":0,"k":100,"ix":4},"w":{"a":0,"k":3,"ix":5},"c":{"a":0,"k":[0.2588,0.302,0.3176],"ix":3}},{"ty":"tr","a":{"a":0,"k":[0,0],"ix":1},"s":{"a":0,"k":[100,100],"ix":3},"sk":{"a":0,"k":0,"ix":4},"p":{"a":0,"k":[14.391,32.078],"ix":2},"r":{"a":0,"k":0,"ix":6},"sa":{"a":0,"k":0,"ix":5},"o":{"a":0,"k":100,"ix":7}}]},{"ty":"gr","bm":0,"hd":false,"mn":"ADBE Vector Group","nm":"Group 4","ix":2,"cix":2,"np":2,"it":[{"ty":"sh","bm":0,"hd":false,"mn":"ADBE Vector Shape - Group","nm":"Path 1","ix":1,"d":1,"ks":{"a":0,"k":{"c":false,"i":[[0,0],[2.399,-6.595]],"o":[[0,0],[0,0]],"v":[[10.193,-18.436],[-10.193,18.436]]},"ix":2}},{"ty":"st","bm":0,"hd":false,"mn":"ADBE Vector Graphic - Stroke","nm":"Stroke 1","lc":2,"lj":2,"ml":1,"o":{"a":0,"k":100,"ix":4},"w":{"a":0,"k":3,"ix":5},"c":{"a":0,"k":[0.2588,0.302,0.3176],"ix":3}},{"ty":"tr","a":{"a":0,"k":[0,0],"ix":1},"s":{"a":0,"k":[100,100],"ix":3},"sk":{"a":0,"k":0,"ix":4},"p":{"a":0,"k":[509.318,21.436],"ix":2},"r":{"a":0,"k":0,"ix":6},"sa":{"a":0,"k":0,"ix":5},"o":{"a":0,"k":100,"ix":7}}]}],"ind":5,"parent":8},{"ty":4,"nm":"head","sr":1,"st":0,"op":180,"ip":0,"hd":false,"ddd":0,"bm":0,"hasMask":false,"ao":0,"ks":{"a":{"a":0,"k":[36.304,97.195,0],"ix":1},"s":{"a":0,"k":[100,100,100],"ix":6},"sk":{"a":0,"k":0},"p":{"a":0,"k":[34.204,20.173,0],"ix":2},"r":{"a":1,"k":[{"o":{"x":0.333,"y":0},"i":{"x":0.667,"y":1},"s":[0],"t":0},{"o":{"x":0.333,"y":0},"i":{"x":0.667,"y":1},"s":[18],"t":60},{"s":[0],"t":120}],"ix":10},"sa":{"a":0,"k":0},"o":{"a":0,"k":100,"ix":11}},"ef":[],"shapes":[{"ty":"gr","bm":0,"hd":false,"mn":"ADBE Vector Group","nm":"Group 1","ix":1,"cix":2,"np":5,"it":[{"ty":"sh","bm":0,"hd":false,"mn":"ADBE Vector Shape - Group","nm":"Path 1","ix":1,"d":1,"ks":{"a":0,"k":{"c":false,"i":[[0,0],[0.9,1.199]],"o":[[-0.6,-1.799],[0,0]],"v":[[4.497,5.096],[2.397,0.599]]},"ix":2}},{"ty":"sh","bm":0,"hd":false,"mn":"ADBE Vector Shape - Group","nm":"Path 2","ix":2,"d":1,"ks":{"a":0,"k":{"c":false,"i":[[0,0],[-2.697,-4.496]],"o":[[0,0],[0,0]],"v":[[-4.497,-5.096],[2.397,0.599]]},"ix":2}},{"ty":"sh","bm":0,"hd":false,"mn":"ADBE Vector Shape - Group","nm":"Path 3","ix":3,"d":1,"ks":{"a":0,"k":{"c":false,"i":[[0,0],[1.798,-1.199]],"o":[[-1.498,-0.299],[0,0]],"v":[[2.397,0.599],[-4.197,1.499]]},"ix":2}},{"ty":"mm","bm":0,"hd":false,"mn":"ADBE Vector Filter - Merge","nm":"Merge Paths 1","mm":1},{"ty":"st","bm":0,"hd":false,"mn":"ADBE Vector Graphic - Stroke","nm":"Stroke 1","lc":2,"lj":2,"ml":1,"o":{"a":0,"k":100,"ix":4},"w":{"a":0,"k":2.5,"ix":5},"c":{"a":0,"k":[0.2588,0.302,0.3176],"ix":3}},{"ty":"tr","a":{"a":0,"k":[0,0],"ix":1},"s":{"a":0,"k":[100,100],"ix":3},"sk":{"a":0,"k":0,"ix":4},"p":{"a":0,"k":[25.432,55.69],"ix":2},"r":{"a":0,"k":0,"ix":6},"sa":{"a":0,"k":0,"ix":5},"o":{"a":0,"k":100,"ix":7}}]},{"ty":"gr","bm":0,"hd":false,"mn":"ADBE Vector Group","nm":"Group 2","ix":2,"cix":2,"np":5,"it":[{"ty":"sh","bm":0,"hd":false,"mn":"ADBE Vector Shape - Group","nm":"Path 1","ix":1,"d":1,"ks":{"a":0,"k":{"c":false,"i":[[0,0],[-0.9,1.199]],"o":[[0.6,-1.799],[0,0]],"v":[[-4.346,5.096],[-2.247,0.599]]},"ix":2}},{"ty":"sh","bm":0,"hd":false,"mn":"ADBE Vector Shape - Group","nm":"Path 2","ix":2,"d":1,"ks":{"a":0,"k":{"c":false,"i":[[0,0],[2.698,-4.496]],"o":[[0,0],[0,0]],"v":[[4.346,-5.096],[-2.247,0.599]]},"ix":2}},{"ty":"sh","bm":0,"hd":false,"mn":"ADBE Vector Shape - Group","nm":"Path 3","ix":3,"d":1,"ks":{"a":0,"k":{"c":false,"i":[[0,0],[-1.797,-1.199]],"o":[[1.499,-0.299],[0,0]],"v":[[-2.247,0.599],[4.346,1.499]]},"ix":2}},{"ty":"mm","bm":0,"hd":false,"mn":"ADBE Vector Filter - Merge","nm":"Merge Paths 1","mm":1},{"ty":"st","bm":0,"hd":false,"mn":"ADBE Vector Graphic - Stroke","nm":"Stroke 1","lc":2,"lj":2,"ml":1,"o":{"a":0,"k":100,"ix":4},"w":{"a":0,"k":2.5,"ix":5},"c":{"a":0,"k":[0.2588,0.302,0.3176],"ix":3}},{"ty":"tr","a":{"a":0,"k":[0,0],"ix":1},"s":{"a":0,"k":[100,100],"ix":3},"sk":{"a":0,"k":0,"ix":4},"p":{"a":0,"k":[102.623,55.99],"ix":2},"r":{"a":0,"k":0,"ix":6},"sa":{"a":0,"k":0,"ix":5},"o":{"a":0,"k":100,"ix":7}}]},{"ty":"gr","bm":0,"hd":false,"mn":"ADBE Vector Group","nm":"Group 3","ix":3,"cix":2,"np":2,"it":[{"ty":"sh","bm":0,"hd":false,"mn":"ADBE Vector Shape - Group","nm":"Path 1","ix":1,"d":1,"ks":{"a":0,"k":{"c":false,"i":[[0,0],[-5.097,0.3],[-1.499,-3.597]],"o":[[0,0],[3.896,-0.3],[0,0]],"v":[[-8.544,1.949],[-0.449,-2.248],[8.544,2.548]]},"ix":2}},{"ty":"st","bm":0,"hd":false,"mn":"ADBE Vector Graphic - Stroke","nm":"Stroke 1","lc":2,"lj":2,"ml":1,"o":{"a":0,"k":100,"ix":4},"w":{"a":0,"k":2.5,"ix":5},"c":{"a":0,"k":[0.2588,0.302,0.3176],"ix":3}},{"ty":"tr","a":{"a":0,"k":[0,0],"ix":1},"s":{"a":0,"k":[100,100],"ix":3},"sk":{"a":0,"k":0,"ix":4},"p":{"a":0,"k":[48.064,59.736],"ix":2},"r":{"a":0,"k":0,"ix":6},"sa":{"a":0,"k":0,"ix":5},"o":{"a":0,"k":100,"ix":7}}]},{"ty":"gr","bm":0,"hd":false,"mn":"ADBE Vector Group","nm":"Group 4","ix":4,"cix":2,"np":2,"it":[{"ty":"sh","bm":0,"hd":false,"mn":"ADBE Vector Shape - Group","nm":"Path 1","ix":1,"d":1,"ks":{"a":0,"k":{"c":false,"i":[[0,0],[-5.096,0.3],[-1.499,-3.298]],"o":[[0,0],[3.298,-0.3],[0,0]],"v":[[-8.543,2.098],[-0.449,-2.098],[8.543,2.398]]},"ix":2}},{"ty":"st","bm":0,"hd":false,"mn":"ADBE Vector Graphic - Stroke","nm":"Stroke 1","lc":2,"lj":2,"ml":1,"o":{"a":0,"k":100,"ix":4},"w":{"a":0,"k":2.5,"ix":5},"c":{"a":0,"k":[0.2588,0.302,0.3176],"ix":3}},{"ty":"tr","a":{"a":0,"k":[0,0],"ix":1},"s":{"a":0,"k":[100,100],"ix":3},"sk":{"a":0,"k":0,"ix":4},"p":{"a":0,"k":[81.339,59.587],"ix":2},"r":{"a":0,"k":0,"ix":6},"sa":{"a":0,"k":0,"ix":5},"o":{"a":0,"k":100,"ix":7}}]},{"ty":"gr","bm":0,"hd":false,"mn":"ADBE Vector Group","nm":"Group 5","ix":5,"cix":2,"np":2,"it":[{"ty":"sh","bm":0,"hd":false,"mn":"ADBE Vector Shape - Group","nm":"Path 1","ix":1,"d":1,"ks":{"a":0,"k":{"c":false,"i":[[0,0],[0.9,-3.598],[2.398,0.599]],"o":[[0,0],[-0.899,3.297],[0,0]],"v":[[-0.899,-4.647],[2.997,1.35],[-3.897,3.747]]},"ix":2}},{"ty":"st","bm":0,"hd":false,"mn":"ADBE Vector Graphic - Stroke","nm":"Stroke 1","lc":2,"lj":2,"ml":1,"o":{"a":0,"k":100,"ix":4},"w":{"a":0,"k":2.5,"ix":5},"c":{"a":0,"k":[0.2588,0.302,0.3176],"ix":3}},{"ty":"tr","a":{"a":0,"k":[0,0],"ix":1},"s":{"a":0,"k":[100,100],"ix":3},"sk":{"a":0,"k":0,"ix":4},"p":{"a":0,"k":[65.901,69.929],"ix":2},"r":{"a":0,"k":0,"ix":6},"sa":{"a":0,"k":0,"ix":5},"o":{"a":0,"k":100,"ix":7}}]},{"ty":"gr","bm":0,"hd":false,"mn":"ADBE Vector Group","nm":"Group 6","ix":6,"cix":2,"np":2,"it":[{"ty":"sh","bm":0,"hd":false,"mn":"ADBE Vector Shape - Group","nm":"Path 1","ix":1,"d":1,"ks":{"a":0,"k":{"c":true,"i":[[-1.799,-0.899],[-5.396,-1.798],[5.996,2.099]],"o":[[0.3,0.3],[1.799,0.6],[-6.295,-2.098]],"v":[[-7.794,-6.446],[7.794,0.749],[-1.499,5.245]]},"ix":2}},{"ty":"fl","bm":0,"hd":false,"mn":"ADBE Vector Graphic - Fill","nm":"Fill 1","c":{"a":0,"k":[1,1,1],"ix":4},"r":1,"o":{"a":0,"k":100,"ix":5}},{"ty":"tr","a":{"a":0,"k":[0,0],"ix":1},"s":{"a":0,"k":[100,100],"ix":3},"sk":{"a":0,"k":0,"ix":4},"p":{"a":0,"k":[60.205,82.22],"ix":2},"r":{"a":0,"k":0,"ix":6},"sa":{"a":0,"k":0,"ix":5},"o":{"a":0,"k":100,"ix":7}}]},{"ty":"gr","bm":0,"hd":false,"mn":"ADBE Vector Group","nm":"Group 7","ix":7,"cix":2,"np":2,"it":[{"ty":"sh","bm":0,"hd":false,"mn":"ADBE Vector Shape - Group","nm":"Path 1","ix":1,"d":1,"ks":{"a":0,"k":{"c":true,"i":[[0,0],[-22.461,13.355],[-6.375,1.517],[0,0],[12.141,0.607],[0,0],[0.304,-11.534],[-1.821,0]],"o":[[0,0],[0,0],[0,0],[0,0],[-9.713,-0.303],[0,0],[-0.303,11.838],[6.375,0]],"v":[[-21.703,10.927],[25.345,10.927],[34.755,20.945],[37.183,-12.445],[24.435,-22.461],[-25.042,-24.283],[-36.576,-12.748],[-35.362,20.64]]},"ix":2}},{"ty":"fl","bm":0,"hd":false,"mn":"ADBE Vector Graphic - Fill","nm":"Fill 1","c":{"a":0,"k":[0.9451,0.8431,0.6784],"ix":4},"r":1,"o":{"a":0,"k":100,"ix":5}},{"ty":"tr","a":{"a":0,"k":[0,0],"ix":1},"s":{"a":0,"k":[100,100],"ix":3},"sk":{"a":0,"k":0,"ix":4},"p":{"a":0,"k":[62.892,24.533],"ix":2},"r":{"a":0,"k":0,"ix":6},"sa":{"a":0,"k":0,"ix":5},"o":{"a":0,"k":100,"ix":7}}]},{"ty":"gr","bm":0,"hd":false,"mn":"ADBE Vector Group","nm":"Group 8","ix":8,"cix":2,"np":2,"it":[{"ty":"sh","bm":0,"hd":false,"mn":"ADBE Vector Shape - Group","nm":"Path 1","ix":1,"d":1,"ks":{"a":0,"k":{"c":true,"i":[[-0.898,2.698],[-12.59,-11.392],[4.497,-4.796],[8.393,2.997],[0.598,1.798]],"o":[[1.199,-3.597],[8.394,7.494],[-5.396,5.996],[-8.095,-2.699],[-0.9,-2.698]],"v":[[-17.537,0.15],[10.941,-8.543],[11.841,11.841],[-9.443,16.938],[-18.435,7.045]]},"ix":2}},{"ty":"fl","bm":0,"hd":false,"mn":"ADBE Vector Graphic - Fill","nm":"Fill 1","c":{"a":0,"k":[0.8745,0.6431,0.5686],"ix":4},"r":1,"o":{"a":0,"k":100,"ix":5}},{"ty":"tr","a":{"a":0,"k":[0,0],"ix":1},"s":{"a":0,"k":[100,100],"ix":3},"sk":{"a":0,"k":0,"ix":4},"p":{"a":0,"k":[105.022,54.34],"ix":2},"r":{"a":0,"k":0,"ix":6},"sa":{"a":0,"k":0,"ix":5},"o":{"a":0,"k":100,"ix":7}}]},{"ty":"gr","bm":0,"hd":false,"mn":"ADBE Vector Group","nm":"Group 9","ix":9,"cix":2,"np":2,"it":[{"ty":"sh","bm":0,"hd":false,"mn":"ADBE Vector Shape - Group","nm":"Path 1","ix":1,"d":1,"ks":{"a":0,"k":{"c":true,"i":[[0.899,2.398],[12.591,-11.092],[-4.197,-4.796],[-8.394,2.997],[-0.599,1.798]],"o":[[-1.199,-3.597],[-8.394,7.494],[5.396,5.996],[8.094,-2.699],[0.9,-2.698]],"v":[[17.537,0],[-10.942,-8.693],[-11.841,11.691],[9.443,16.788],[18.436,6.895]]},"ix":2}},{"ty":"fl","bm":0,"hd":false,"mn":"ADBE Vector Graphic - Fill","nm":"Fill 1","c":{"a":0,"k":[0.8745,0.6431,0.5686],"ix":4},"r":1,"o":{"a":0,"k":100,"ix":5}},{"ty":"tr","a":{"a":0,"k":[0,0],"ix":1},"s":{"a":0,"k":[100,100],"ix":3},"sk":{"a":0,"k":0,"ix":4},"p":{"a":0,"k":[19.586,54.19],"ix":2},"r":{"a":0,"k":0,"ix":6},"sa":{"a":0,"k":0,"ix":5},"o":{"a":0,"k":100,"ix":7}}]},{"ty":"gr","bm":0,"hd":false,"mn":"ADBE Vector Group","nm":"Group 10","ix":10,"cix":2,"np":2,"it":[{"ty":"sh","bm":0,"hd":false,"mn":"ADBE Vector Shape - Group","nm":"Path 1","ix":1,"d":1,"ks":{"a":0,"k":{"c":true,"i":[[0,0],[-28.479,-4.496],[-0.599,1.499],[5.096,12.89],[21.584,-4.797],[0.6,-12.59]],"o":[[0,0],[28.478,4.497],[0.6,-1.799],[-5.097,-12.89],[-21.584,4.796],[0,6.895]],"v":[[-32.825,-1.199],[-5.245,51.261],[30.427,30.877],[31.327,-24.581],[-11.541,-50.961],[-36.423,-18.886]]},"ix":2}},{"ty":"fl","bm":0,"hd":false,"mn":"ADBE Vector Graphic - Fill","nm":"Fill 1","c":{"a":0,"k":[0.8745,0.6431,0.5686],"ix":4},"r":1,"o":{"a":0,"k":100,"ix":5}},{"ty":"tr","a":{"a":0,"k":[0,0],"ix":1},"s":{"a":0,"k":[100,100],"ix":3},"sk":{"a":0,"k":0,"ix":4},"p":{"a":0,"k":[63.653,64.383],"ix":2},"r":{"a":0,"k":0,"ix":6},"sa":{"a":0,"k":0,"ix":5},"o":{"a":0,"k":100,"ix":7}}]}],"ind":6,"parent":7},{"ty":4,"nm":"neck","sr":1,"st":0,"op":180,"ip":0,"hd":false,"ddd":0,"bm":0,"hasMask":false,"ao":0,"ks":{"a":{"a":0,"k":[44.019,84.116,0],"ix":1},"s":{"a":0,"k":[100,100,100],"ix":6},"sk":{"a":0,"k":0},"p":{"a":0,"k":[395.955,35.251,0],"ix":2},"r":{"a":1,"k":[{"o":{"x":0.333,"y":0},"i":{"x":0.667,"y":1},"s":[0],"t":0},{"o":{"x":0.333,"y":0},"i":{"x":0.667,"y":1},"s":[-6],"t":60},{"s":[0],"t":120}],"ix":10},"sa":{"a":0,"k":0},"o":{"a":0,"k":100,"ix":11}},"ef":[],"shapes":[{"ty":"gr","bm":0,"hd":false,"mn":"ADBE Vector Group","nm":"Group 1","ix":1,"cix":2,"np":2,"it":[{"ty":"sh","bm":0,"hd":false,"mn":"ADBE Vector Shape - Group","nm":"Path 1","ix":1,"d":1,"ks":{"a":1,"k":[{"o":{"x":0.333,"y":0},"i":{"x":0.667,"y":1},"s":[{"c":true,"i":[[0.899,-3.897],[-16.787,-12.591],[0,0],[0.3,2.998]],"o":[[-0.899,5.396],[13.491,9.893],[0,0],[-0.3,-2.698]],"v":[[-22.932,-23.833],[-7.945,17.836],[22.033,26.231],[24.431,-6.745]]}],"t":0},{"o":{"x":0.333,"y":0},"i":{"x":0.667,"y":1},"s":[{"c":true,"i":[[0.899,-3.897],[-17.161,-16.176],[0,0],[0.3,2.998]],"o":[[-0.899,5.396],[14.828,13.539],[0,0],[-0.3,-2.698]],"v":[[-21.552,-21.507],[-12.41,26.615],[21.602,34.469],[24.431,-6.745]]}],"t":60},{"s":[{"c":true,"i":[[0.899,-3.897],[-16.787,-12.591],[0,0],[0.3,2.998]],"o":[[-0.899,5.396],[13.491,9.893],[0,0],[-0.3,-2.698]],"v":[[-22.932,-23.833],[-7.945,17.836],[22.033,26.231],[24.431,-6.745]]}],"t":120}],"ix":2}},{"ty":"fl","bm":0,"hd":false,"mn":"ADBE Vector Graphic - Fill","nm":"Fill 1","c":{"a":0,"k":[0.2588,0.302,0.3176],"ix":4},"r":1,"o":{"a":0,"k":100,"ix":5}},{"ty":"tr","a":{"a":0,"k":[0,0],"ix":1},"s":{"a":0,"k":[100,100],"ix":3},"sk":{"a":0,"k":0,"ix":4},"p":{"a":0,"k":[57.057,28.579],"ix":2},"r":{"a":0,"k":0,"ix":6},"sa":{"a":0,"k":0,"ix":5},"o":{"a":0,"k":100,"ix":7}}]},{"ty":"gr","bm":0,"hd":false,"mn":"ADBE Vector Group","nm":"Group 2","ix":2,"cix":2,"np":2,"it":[{"ty":"sh","bm":0,"hd":false,"mn":"ADBE Vector Shape - Group","nm":"Path 1","ix":1,"d":1,"ks":{"a":0,"k":{"c":true,"i":[[4.796,-8.394],[-4.496,18.885],[-1.499,29.378],[8.693,0.9],[0,0]],"o":[[-4.796,18.286],[0.3,-16.488],[0.599,-15.589],[-16.788,-1.799],[0,0]],"v":[[-35.823,17.087],[37.621,26.98],[40.02,-28.478],[15.139,-44.066],[-8.544,-28.478]]},"ix":2}},{"ty":"fl","bm":0,"hd":false,"mn":"ADBE Vector Graphic - Fill","nm":"Fill 1","c":{"a":0,"k":[0.8745,0.6431,0.5686],"ix":4},"r":1,"o":{"a":0,"k":100,"ix":5}},{"ty":"tr","a":{"a":0,"k":[0,0],"ix":1},"s":{"a":0,"k":[100,100],"ix":3},"sk":{"a":0,"k":0,"ix":4},"p":{"a":0,"k":[40.869,46.116],"ix":2},"r":{"a":0,"k":0,"ix":6},"sa":{"a":0,"k":0,"ix":5},"o":{"a":0,"k":100,"ix":7}}]}],"ind":7,"parent":8},{"ty":4,"nm":"body","sr":1,"st":0,"op":180,"ip":0,"hd":false,"ddd":0,"bm":0,"hasMask":false,"ao":0,"ks":{"a":{"a":0,"k":[389.514,240.996,0],"ix":1},"s":{"a":0,"k":[100,100,100],"ix":6},"sk":{"a":0,"k":0},"p":{"a":1,"k":[{"o":{"x":0.333,"y":0},"i":{"x":0.667,"y":1},"s":[644.671,507.545,0],"t":0,"ti":[0,0,0],"to":[1.167,1,0]},{"o":{"x":0.333,"y":0},"i":{"x":0.667,"y":1},"s":[651.671,513.545,0],"t":60,"ti":[1.167,1,0],"to":[0,0,0]},{"s":[644.671,507.545,0],"t":120}],"ix":2},"r":{"a":1,"k":[{"o":{"x":0.333,"y":0},"i":{"x":0.667,"y":1},"s":[0],"t":0},{"o":{"x":0.333,"y":0},"i":{"x":0.667,"y":1},"s":[8],"t":60},{"s":[0],"t":120}],"ix":10},"sa":{"a":0,"k":0},"o":{"a":0,"k":100,"ix":11}},"ef":[],"shapes":[{"ty":"gr","bm":0,"hd":false,"mn":"ADBE Vector Group","nm":"Group 1","ix":1,"cix":2,"np":2,"it":[{"ty":"sh","bm":0,"hd":false,"mn":"ADBE Vector Shape - Group","nm":"Path 1","ix":1,"d":1,"ks":{"a":1,"k":[{"o":{"x":0.333,"y":0},"i":{"x":0.667,"y":1},"s":[{"c":true,"i":[[5.996,-0.3],[32.975,1.199],[10.192,0.3],[65.35,-11.691],[-11.392,-27.579],[-27.879,-27.28],[-13.491,10.792],[-0.299,0.3],[11.091,17.087],[2.098,2.998],[5.096,8.993],[2.998,3.297],[-16.788,1.199],[0,0],[0,0],[-2.699,44.966],[-21.584,0.3],[-14.089,0.9],[0.3,-0.3],[8.094,-16.188],[4.496,-8.693],[2.099,-3.597],[-12.29,-8.393],[0,0],[-12.591,14.089],[-12.291,35.373],[89.932,5.995],[39.571,0.599],[19.186,-1.199],[18.586,-4.497]],"o":[[-34.174,-7.794],[-6.595,0.3],[-33.275,-0.899],[-89.333,11.391],[14.389,34.473],[13.19,12.89],[0.599,-0.3],[11.692,-9.293],[-2.099,-2.998],[-5.096,-8.093],[-9.293,-15.889],[-0.599,-0.6],[0,0],[0,0],[0,0],[20.983,2.398],[18.886,-0.3],[10.192,-0.899],[-2.697,3.297],[-4.796,9.593],[-1.798,3.297],[-10.191,17.687],[0,0],[12.591,8.993],[25.78,-29.079],[9.593,-27.879],[-39.571,-2.698],[-19.485,-0.3],[-19.185,1.199],[-5.397,0.299]],"v":[[19.035,-123.657],[-98.476,-135.648],[-123.657,-135.948],[-273.544,-126.055],[-368.872,-26.23],[-261.853,124.856],[-185.41,86.485],[-184.212,85.585],[-194.403,42.718],[-200.399,33.724],[-216.287,7.045],[-236.972,-26.23],[-74.194,-28.329],[-79.89,94.578],[94.878,105.97],[102.973,-26.23],[168.623,-24.132],[222.582,-26.83],[239.069,-27.729],[221.083,5.845],[206.394,34.324],[200.698,44.516],[193.504,87.084],[194.103,87.384],[273.544,121.259],[370.671,-36.423],[269.347,-129.952],[150.936,-133.849],[92.78,-132.95],[36.123,-124.556]]}],"t":0},{"o":{"x":0.333,"y":0},"i":{"x":0.667,"y":1},"s":[{"c":true,"i":[[5.996,-0.3],[32.975,1.199],[10.192,0.3],[66.674,-6.78],[-23.504,-41.204],[-28.023,-27.132],[-13.491,10.792],[-0.299,0.3],[11.091,17.087],[2.098,2.998],[5.096,8.993],[2.998,3.297],[-46.239,5.574],[0,0],[0,0],[-2.699,44.966],[-21.584,0.3],[-14.089,0.9],[0.3,-0.3],[8.094,-16.188],[4.496,-8.693],[2.099,-3.597],[-20.373,-15.671],[0,0],[-13.928,18.881],[-12.291,35.373],[89.932,5.995],[39.571,0.599],[19.186,-1.199],[18.586,-4.497]],"o":[[-34.174,-7.794],[-6.595,0.3],[-33.275,-0.899],[-91.675,5.376],[14.389,34.473],[18.94,18.338],[0.599,-0.3],[13.107,-9.291],[-2.099,-2.998],[-5.096,-8.093],[-10.785,-15.388],[-0.599,-0.6],[0,0],[0,0],[0,0],[20.983,2.398],[18.886,-0.3],[10.192,-0.899],[-2.697,3.297],[-4.796,9.593],[-1.798,3.297],[-10.191,17.687],[0,0],[12.591,8.993],[25.78,-29.079],[9.593,-27.879],[-39.571,-2.698],[-19.485,-0.3],[-19.185,1.199],[-5.397,0.299]],"v":[[19.035,-123.657],[-83.595,-134.046],[-108.776,-134.346],[-270.008,-128.028],[-376.13,-28.148],[-263.233,128.581],[-189.116,88.829],[-187.261,87.495],[-189.503,46.864],[-195.498,37.87],[-208.69,15.284],[-238.958,-29.232],[-74.542,-30.805],[-84.006,101.215],[94.878,105.97],[102.973,-26.23],[168.965,-27.154],[231.452,-29.548],[247.939,-30.447],[229.253,-0.057],[215.908,23.679],[205.028,43.688],[202.196,93.074],[202.161,93.19],[276.152,131.528],[379.122,-49.717],[284.091,-135.231],[153.853,-135.504],[92.78,-132.95],[36.123,-124.556]]}],"t":60},{"s":[{"c":true,"i":[[5.996,-0.3],[32.975,1.199],[10.192,0.3],[65.35,-11.691],[-11.392,-27.579],[-27.879,-27.28],[-13.491,10.792],[-0.299,0.3],[11.091,17.087],[2.098,2.998],[5.096,8.993],[2.998,3.297],[-16.788,1.199],[0,0],[0,0],[-2.699,44.966],[-21.584,0.3],[-14.089,0.9],[0.3,-0.3],[8.094,-16.188],[4.496,-8.693],[2.099,-3.597],[-12.29,-8.393],[0,0],[-12.591,14.089],[-12.291,35.373],[89.932,5.995],[39.571,0.599],[19.186,-1.199],[18.586,-4.497]],"o":[[-34.174,-7.794],[-6.595,0.3],[-33.275,-0.899],[-89.333,11.391],[14.389,34.473],[13.19,12.89],[0.599,-0.3],[11.692,-9.293],[-2.099,-2.998],[-5.096,-8.093],[-9.293,-15.889],[-0.599,-0.6],[0,0],[0,0],[0,0],[20.983,2.398],[18.886,-0.3],[10.192,-0.899],[-2.697,3.297],[-4.796,9.593],[-1.798,3.297],[-10.191,17.687],[0,0],[12.591,8.993],[25.78,-29.079],[9.593,-27.879],[-39.571,-2.698],[-19.485,-0.3],[-19.185,1.199],[-5.397,0.299]],"v":[[19.035,-123.657],[-98.476,-135.648],[-123.657,-135.948],[-273.544,-126.055],[-368.872,-26.23],[-261.853,124.856],[-185.41,86.485],[-184.212,85.585],[-194.403,42.718],[-200.399,33.724],[-216.287,7.045],[-236.972,-26.23],[-74.194,-28.329],[-79.89,94.578],[94.878,105.97],[102.973,-26.23],[168.623,-24.132],[222.582,-26.83],[239.069,-27.729],[221.083,5.845],[206.394,34.324],[200.698,44.516],[193.504,87.084],[194.103,87.384],[273.544,121.259],[370.671,-36.423],[269.347,-129.952],[150.936,-133.849],[92.78,-132.95],[36.123,-124.556]]}],"t":120}],"ix":2}},{"ty":"fl","bm":0,"hd":false,"mn":"ADBE Vector Graphic - Fill","nm":"Fill 1","c":{"a":0,"k":[0.3647,0.5882,0.902],"ix":4},"r":1,"o":{"a":0,"k":100,"ix":5}},{"ty":"tr","a":{"a":0,"k":[0,0],"ix":1},"s":{"a":0,"k":[100,100],"ix":3},"sk":{"a":0,"k":0,"ix":4},"p":{"a":0,"k":[380.514,137.996],"ix":2},"r":{"a":0,"k":0,"ix":6},"sa":{"a":0,"k":0,"ix":5},"o":{"a":0,"k":100,"ix":7}}]},{"ty":"gr","bm":0,"hd":false,"mn":"ADBE Vector Group","nm":"Group 2","ix":2,"cix":2,"np":2,"it":[{"ty":"sh","bm":0,"hd":false,"mn":"ADBE Vector Shape - Group","nm":"Path 1","ix":1,"d":1,"ks":{"a":0,"k":{"c":true,"i":[[1.199,-0.6],[-6.295,-0.6],[1.2,5.696],[0,0]],"o":[[-1.199,0.599],[5.996,0.599],[-0.899,-5.995],[0,0]],"v":[[-34.774,17.087],[-24.582,26.68],[34.773,-15.289],[29.078,-27.279]]},"ix":2}},{"ty":"fl","bm":0,"hd":false,"mn":"ADBE Vector Graphic - Fill","nm":"Fill 1","c":{"a":0,"k":[0.2863,0.4745,0.7373],"ix":4},"r":1,"o":{"a":0,"k":100,"ix":5}},{"ty":"tr","a":{"a":0,"k":[0,0],"ix":1},"s":{"a":0,"k":[100,100],"ix":3},"sk":{"a":0,"k":0,"ix":4},"p":{"a":1,"k":[{"o":{"x":0.333,"y":0},"i":{"x":0.667,"y":1},"s":[166.026,243.066],"t":0,"ti":[0,0],"to":[0.165,0.425]},{"o":{"x":0.333,"y":0},"i":{"x":0.667,"y":1},"s":[167.015,245.615],"t":60,"ti":[0.165,0.425],"to":[0,0]},{"s":[166.026,243.066],"t":120}],"ix":2},"r":{"a":1,"k":[{"o":{"x":0.333,"y":0},"i":{"x":0.667,"y":1},"s":[0],"t":0},{"o":{"x":0.333,"y":0},"i":{"x":0.667,"y":1},"s":[-5],"t":60},{"s":[0],"t":120}],"ix":6},"sa":{"a":0,"k":0,"ix":5},"o":{"a":0,"k":100,"ix":7}}]},{"ty":"gr","bm":0,"hd":false,"mn":"ADBE Vector Group","nm":"Group 3","ix":3,"cix":2,"np":2,"it":[{"ty":"sh","bm":0,"hd":false,"mn":"ADBE Vector Shape - Group","nm":"Path 1","ix":1,"d":1,"ks":{"a":0,"k":{"c":true,"i":[[-1.499,-0.6],[6.295,-0.899],[-0.599,5.696],[0,0]],"o":[[1.199,0.6],[-5.995,0.9],[0.599,-5.996],[0,0]],"v":[[35.523,14.538],[25.93,24.73],[-36.123,-13.341],[-31.327,-25.63]]},"ix":2}},{"ty":"fl","bm":0,"hd":false,"mn":"ADBE Vector Graphic - Fill","nm":"Fill 1","c":{"a":0,"k":[0.2863,0.4745,0.7373],"ix":4},"r":1,"o":{"a":0,"k":100,"ix":5}},{"ty":"tr","a":{"a":0,"k":[0,0],"ix":1},"s":{"a":0,"k":[100,100],"ix":3},"sk":{"a":0,"k":0,"ix":4},"p":{"a":1,"k":[{"o":{"x":0.333,"y":0},"i":{"x":0.667,"y":1},"s":[605.644,242.318],"t":0,"ti":[0,0],"to":[-0.131,1.266]},{"o":{"x":0.333,"y":0},"i":{"x":0.667,"y":1},"s":[604.857,249.914],"t":60,"ti":[-0.131,1.266],"to":[0,0]},{"s":[605.644,242.318],"t":120}],"ix":2},"r":{"a":1,"k":[{"o":{"x":0.333,"y":0},"i":{"x":0.667,"y":1},"s":[0],"t":0},{"o":{"x":0.333,"y":0},"i":{"x":0.667,"y":1},"s":[7],"t":60},{"s":[0],"t":120}],"ix":6},"sa":{"a":0,"k":0,"ix":5},"o":{"a":0,"k":100,"ix":7}}]}],"ind":8},{"ty":4,"nm":"hand1","sr":1,"st":0,"op":180,"ip":0,"hd":false,"ddd":0,"bm":0,"hasMask":false,"ao":0,"ks":{"a":{"a":0,"k":[70.496,12.655,0],"ix":1},"s":{"a":0,"k":[100,100,100],"ix":6},"sk":{"a":0,"k":0},"p":{"a":1,"k":[{"o":{"x":0.333,"y":0},"i":{"x":0.667,"y":1},"s":[197.301,226.393,0],"t":0,"ti":[0,0,0],"to":[-0.399,-0.056,0]},{"o":{"x":0.333,"y":0},"i":{"x":0.667,"y":1},"s":[194.909,226.06,0],"t":60,"ti":[-0.399,-0.056,0],"to":[0,0,0]},{"s":[197.301,226.393,0],"t":120}],"ix":2},"r":{"a":1,"k":[{"o":{"x":0.333,"y":0},"i":{"x":0.667,"y":1},"s":[0],"t":0},{"o":{"x":0.333,"y":0},"i":{"x":0.667,"y":1},"s":[-4],"t":60},{"s":[0],"t":120}],"ix":10},"sa":{"a":0,"k":0},"o":{"a":0,"k":100,"ix":11}},"ef":[],"shapes":[{"ty":"gr","bm":0,"hd":false,"mn":"ADBE Vector Group","nm":"Group 1","ix":1,"cix":2,"np":2,"it":[{"ty":"sh","bm":0,"hd":false,"mn":"ADBE Vector Shape - Group","nm":"Path 1","ix":1,"d":1,"ks":{"a":0,"k":{"c":false,"i":[[0,0],[-11.692,-3.597]],"o":[[0,0],[0,0]],"v":[[-15.588,-10.192],[15.588,10.192]]},"ix":2}},{"ty":"st","bm":0,"hd":false,"mn":"ADBE Vector Graphic - Stroke","nm":"Stroke 1","lc":2,"lj":2,"ml":1,"o":{"a":0,"k":100,"ix":4},"w":{"a":0,"k":3,"ix":5},"c":{"a":0,"k":[0.2588,0.302,0.3176],"ix":3}},{"ty":"tr","a":{"a":0,"k":[0,0],"ix":1},"s":{"a":0,"k":[100,100],"ix":3},"sk":{"a":0,"k":0,"ix":4},"p":{"a":0,"k":[75.793,99.475],"ix":2},"r":{"a":0,"k":0,"ix":6},"sa":{"a":0,"k":0,"ix":5},"o":{"a":0,"k":100,"ix":7}}]},{"ty":"gr","bm":0,"hd":false,"mn":"ADBE Vector Group","nm":"Group 2","ix":2,"cix":2,"np":2,"it":[{"ty":"sh","bm":0,"hd":false,"mn":"ADBE Vector Shape - Group","nm":"Path 1","ix":1,"d":1,"ks":{"a":0,"k":{"c":false,"i":[[0,0],[-17.986,-3.597]],"o":[[0,0],[0,0]],"v":[[-22.483,-14.09],[22.483,14.09]]},"ix":2}},{"ty":"st","bm":0,"hd":false,"mn":"ADBE Vector Graphic - Stroke","nm":"Stroke 1","lc":2,"lj":2,"ml":1,"o":{"a":0,"k":100,"ix":4},"w":{"a":0,"k":3,"ix":5},"c":{"a":0,"k":[0.2588,0.302,0.3176],"ix":3}},{"ty":"tr","a":{"a":0,"k":[0,0],"ix":1},"s":{"a":0,"k":[100,100],"ix":3},"sk":{"a":0,"k":0,"ix":4},"p":{"a":0,"k":[92.88,92.581],"ix":2},"r":{"a":0,"k":0,"ix":6},"sa":{"a":0,"k":0,"ix":5},"o":{"a":0,"k":100,"ix":7}}]},{"ty":"gr","bm":0,"hd":false,"mn":"ADBE Vector Group","nm":"Group 3","ix":3,"cix":2,"np":2,"it":[{"ty":"sh","bm":0,"hd":false,"mn":"ADBE Vector Shape - Group","nm":"Path 1","ix":1,"d":1,"ks":{"a":0,"k":{"c":false,"i":[[0,0],[-19.186,-2.699]],"o":[[0,0],[0,0]],"v":[[-23.532,-16.038],[23.532,16.038]]},"ix":2}},{"ty":"st","bm":0,"hd":false,"mn":"ADBE Vector Graphic - Stroke","nm":"Stroke 1","lc":2,"lj":2,"ml":1,"o":{"a":0,"k":100,"ix":4},"w":{"a":0,"k":3,"ix":5},"c":{"a":0,"k":[0.2588,0.302,0.3176],"ix":3}},{"ty":"tr","a":{"a":0,"k":[0,0],"ix":1},"s":{"a":0,"k":[100,100],"ix":3},"sk":{"a":0,"k":0,"ix":4},"p":{"a":0,"k":[106.819,81.939],"ix":2},"r":{"a":0,"k":0,"ix":6},"sa":{"a":0,"k":0,"ix":5},"o":{"a":0,"k":100,"ix":7}}]},{"ty":"gr","bm":0,"hd":false,"mn":"ADBE Vector Group","nm":"Group 4","ix":4,"cix":2,"np":2,"it":[{"ty":"sh","bm":0,"hd":false,"mn":"ADBE Vector Shape - Group","nm":"Path 1","ix":1,"d":1,"ks":{"a":0,"k":{"c":true,"i":[[0,0],[-0.299,-0.3],[0,0],[0,0],[-10.192,-7.194],[2.399,-7.194],[0,0],[6.295,-3.897],[0,0],[5.096,-2.099],[0,0],[4.497,2.998],[4.497,4.796],[5.696,5.996],[2.998,3.298],[8.093,9.592]],"o":[[0.6,0.6],[21.584,0],[0,0],[0,0],[21.284,15.589],[-2.398,7.495],[0,0],[-5.396,3.298],[0,0],[-6.295,2.698],[-5.696,11.691],[-5.396,-3.897],[-5.695,-5.995],[-2.998,-3.297],[-8.094,-9.293],[0,0]],"v":[[-15.888,-60.405],[-3.298,-46.614],[29.978,-35.223],[18.885,-25.63],[44.066,3.147],[69.846,31.327],[58.155,36.723],[53.359,43.318],[41.368,45.117],[35.973,50.513],[18.885,48.714],[-6.896,52.311],[-21.884,39.421],[-38.672,21.434],[-47.664,11.242],[-72.246,-26.53]]},"ix":2}},{"ty":"fl","bm":0,"hd":false,"mn":"ADBE Vector Graphic - Fill","nm":"Fill 1","c":{"a":0,"k":[0.8745,0.6431,0.5686],"ix":4},"r":1,"o":{"a":0,"k":100,"ix":5}},{"ty":"tr","a":{"a":0,"k":[0,0],"ix":1},"s":{"a":0,"k":[100,100],"ix":3},"sk":{"a":0,"k":0,"ix":4},"p":{"a":0,"k":[72.495,60.655],"ix":2},"r":{"a":0,"k":0,"ix":6},"sa":{"a":0,"k":0,"ix":5},"o":{"a":0,"k":100,"ix":7}}]}],"ind":9,"parent":8},{"ty":4,"nm":"hand2","sr":1,"st":0,"op":180,"ip":0,"hd":false,"ddd":0,"bm":0,"hasMask":false,"ao":0,"ks":{"a":{"a":0,"k":[79.043,15.905,0],"ix":1},"s":{"a":0,"k":[100,100,100],"ix":6},"sk":{"a":0,"k":0},"p":{"a":1,"k":[{"o":{"x":0.333,"y":0},"i":{"x":0.667,"y":1},"s":[573.371,232.342,0],"t":0,"ti":[0,0,0],"to":[-0.048,0.624,0]},{"o":{"x":0.333,"y":0},"i":{"x":0.667,"y":1},"s":[573.081,236.084,0],"t":60,"ti":[-0.048,0.624,0],"to":[0,0,0]},{"s":[573.371,232.342,0],"t":120}],"ix":2},"r":{"a":1,"k":[{"o":{"x":0.333,"y":0},"i":{"x":0.667,"y":1},"s":[0],"t":0},{"o":{"x":0.333,"y":0},"i":{"x":0.667,"y":1},"s":[2],"t":60},{"s":[0],"t":120}],"ix":10},"sa":{"a":0,"k":0},"o":{"a":0,"k":100,"ix":11}},"ef":[],"shapes":[{"ty":"gr","bm":0,"hd":false,"mn":"ADBE Vector Group","nm":"Group 1","ix":1,"cix":2,"np":2,"it":[{"ty":"sh","bm":0,"hd":false,"mn":"ADBE Vector Shape - Group","nm":"Path 1","ix":1,"d":1,"ks":{"a":0,"k":{"c":false,"i":[[0,0],[0,0]],"o":[[11.991,-2.998],[0,0]],"v":[[-15.888,9.593],[15.888,-9.593]]},"ix":2}},{"ty":"st","bm":0,"hd":false,"mn":"ADBE Vector Graphic - Stroke","nm":"Stroke 1","lc":2,"lj":2,"ml":1,"o":{"a":0,"k":100,"ix":4},"w":{"a":0,"k":3,"ix":5},"c":{"a":0,"k":[0.2588,0.302,0.3176],"ix":3}},{"ty":"tr","a":{"a":0,"k":[0,0],"ix":1},"s":{"a":0,"k":[100,100],"ix":3},"sk":{"a":0,"k":0,"ix":4},"p":{"a":0,"k":[67.999,98.875],"ix":2},"r":{"a":0,"k":0,"ix":6},"sa":{"a":0,"k":0,"ix":5},"o":{"a":0,"k":100,"ix":7}}]},{"ty":"gr","bm":0,"hd":false,"mn":"ADBE Vector Group","nm":"Group 2","ix":2,"cix":2,"np":2,"it":[{"ty":"sh","bm":0,"hd":false,"mn":"ADBE Vector Shape - Group","nm":"Path 1","ix":1,"d":1,"ks":{"a":0,"k":{"c":false,"i":[[0,0],[0,0]],"o":[[17.987,-2.998],[0,0]],"v":[[-22.933,13.34],[22.933,-13.34]]},"ix":2}},{"ty":"st","bm":0,"hd":false,"mn":"ADBE Vector Graphic - Stroke","nm":"Stroke 1","lc":2,"lj":2,"ml":1,"o":{"a":0,"k":100,"ix":4},"w":{"a":0,"k":3,"ix":5},"c":{"a":0,"k":[0.2588,0.302,0.3176],"ix":3}},{"ty":"tr","a":{"a":0,"k":[0,0],"ix":1},"s":{"a":0,"k":[100,100],"ix":3},"sk":{"a":0,"k":0,"ix":4},"p":{"a":0,"k":[51.361,91.531],"ix":2},"r":{"a":0,"k":0,"ix":6},"sa":{"a":0,"k":0,"ix":5},"o":{"a":0,"k":100,"ix":7}}]},{"ty":"gr","bm":0,"hd":false,"mn":"ADBE Vector Group","nm":"Group 3","ix":3,"cix":2,"np":2,"it":[{"ty":"sh","bm":0,"hd":false,"mn":"ADBE Vector Shape - Group","nm":"Path 1","ix":1,"d":1,"ks":{"a":0,"k":{"c":false,"i":[[0,0],[0,0]],"o":[[19.485,-2.099],[0,0]],"v":[[-24.132,15.288],[24.132,-15.288]]},"ix":2}},{"ty":"st","bm":0,"hd":false,"mn":"ADBE Vector Graphic - Stroke","nm":"Stroke 1","lc":2,"lj":2,"ml":1,"o":{"a":0,"k":100,"ix":4},"w":{"a":0,"k":3,"ix":5},"c":{"a":0,"k":[0.2588,0.302,0.3176],"ix":3}},{"ty":"tr","a":{"a":0,"k":[0,0],"ix":1},"s":{"a":0,"k":[100,100],"ix":3},"sk":{"a":0,"k":0,"ix":4},"p":{"a":0,"k":[37.572,80.589],"ix":2},"r":{"a":0,"k":0,"ix":6},"sa":{"a":0,"k":0,"ix":5},"o":{"a":0,"k":100,"ix":7}}]},{"ty":"gr","bm":0,"hd":false,"mn":"ADBE Vector Group","nm":"Group 4","ix":4,"cix":2,"np":2,"it":[{"ty":"sh","bm":0,"hd":false,"mn":"ADBE Vector Shape - Group","nm":"Path 1","ix":1,"d":1,"ks":{"a":0,"k":{"c":true,"i":[[0,0],[0.3,0],[0,0],[0,0],[10.492,-6.895],[-2.098,-7.194],[0,0],[-5.996,-3.897],[0,0],[-4.797,-2.099],[0,0],[-4.496,2.998],[-4.797,4.797],[-5.696,5.695],[-2.998,3.297],[-8.393,9.593]],"o":[[-0.6,0.3],[-21.583,-0.899],[0,0],[0,0],[-21.883,14.988],[2.099,7.495],[0,0],[5.395,3.598],[0,0],[6.295,2.998],[5.096,11.991],[5.696,-3.598],[5.995,-5.696],[3.298,-3.298],[8.393,-9.293],[0,0]],"v":[[15.439,-59.655],[2.547,-46.465],[-32.526,-34.774],[-19.935,-26.08],[-46.016,1.799],[-72.695,29.078],[-61.003,34.774],[-56.506,41.368],[-44.516,43.467],[-39.419,48.863],[-22.333,47.664],[3.148,51.861],[18.737,39.27],[35.823,21.884],[45.117,11.991],[74.794,-22.783]]},"ix":2}},{"ty":"fl","bm":0,"hd":false,"mn":"ADBE Vector Graphic - Fill","nm":"Fill 1","c":{"a":0,"k":[0.8745,0.6431,0.5686],"ix":4},"r":1,"o":{"a":0,"k":100,"ix":5}},{"ty":"tr","a":{"a":0,"k":[0,0],"ix":1},"s":{"a":0,"k":[100,100],"ix":3},"sk":{"a":0,"k":0,"ix":4},"p":{"a":0,"k":[75.043,59.905],"ix":2},"r":{"a":0,"k":0,"ix":6},"sa":{"a":0,"k":0,"ix":5},"o":{"a":0,"k":100,"ix":7}}]}],"ind":10,"parent":8},{"ty":4,"nm":"shorts 2","sr":1,"st":0,"op":180,"ip":0,"hd":false,"ddd":0,"bm":0,"hasMask":false,"td":1,"ao":0,"ks":{"a":{"a":0,"k":[138.745,107.719,0],"ix":1},"s":{"a":0,"k":[100,100,100],"ix":6},"sk":{"a":0,"k":0},"p":{"a":0,"k":[608.242,602.396,0],"ix":2},"r":{"a":0,"k":0,"ix":10},"sa":{"a":0,"k":0},"o":{"a":0,"k":100,"ix":11}},"ef":[],"shapes":[{"ty":"gr","bm":0,"hd":false,"mn":"ADBE Vector Group","nm":"Group 1","ix":1,"cix":2,"np":2,"it":[{"ty":"sh","bm":0,"hd":false,"mn":"ADBE Vector Shape - Group","nm":"Path 1","ix":1,"d":1,"ks":{"a":1,"k":[{"o":{"x":0.333,"y":0},"i":{"x":0.667,"y":1},"s":[{"c":true,"i":[[0,0],[0,0],[6.894,27.579],[3.598,-3.597],[0,0],[0,0],[0,0]],"o":[[0,0],[0,0],[-2.399,-9.293],[-15.288,14.989],[0,0],[0,0],[0,0]],"v":[[17.687,107.469],[138.495,100.274],[122.008,-91.881],[-53.06,-103.872],[-138.495,63.102],[-27.58,105.97],[15.888,12.44]]}],"t":0},{"o":{"x":0.333,"y":0},"i":{"x":0.667,"y":1},"s":[{"c":true,"i":[[0,0],[0,0],[6.894,27.579],[3.598,-3.597],[0,0],[0,0],[0,0]],"o":[[0,0],[0,0],[-2.399,-9.293],[-15.288,14.989],[0,0],[0,0],[0,0]],"v":[[16.687,112.469],[139.495,110.274],[125.509,-82.881],[-48.56,-103.372],[-132.495,68.602],[-11.08,107.97],[13.888,41.44]]}],"t":60},{"s":[{"c":true,"i":[[0,0],[0,0],[6.894,27.579],[3.598,-3.597],[0,0],[0,0],[0,0]],"o":[[0,0],[0,0],[-2.399,-9.293],[-15.288,14.989],[0,0],[0,0],[0,0]],"v":[[17.687,107.469],[138.495,100.274],[122.008,-91.881],[-53.06,-103.872],[-138.495,63.102],[-27.58,105.97],[15.888,12.44]]}],"t":120}],"ix":2}},{"ty":"fl","bm":0,"hd":false,"mn":"ADBE Vector Graphic - Fill","nm":"Fill 1","c":{"a":0,"k":[1,0.7137,0.6627],"ix":4},"r":1,"o":{"a":0,"k":100,"ix":5}},{"ty":"tr","a":{"a":0,"k":[0,0],"ix":1},"s":{"a":0,"k":[100,100],"ix":3},"sk":{"a":0,"k":0,"ix":4},"p":{"a":0,"k":[138.745,107.719],"ix":2},"r":{"a":0,"k":0,"ix":6},"sa":{"a":0,"k":0,"ix":5},"o":{"a":0,"k":100,"ix":7}}]}],"ind":11},{"ty":4,"nm":"lines","sr":1,"st":0,"op":180,"ip":0,"hd":false,"ddd":0,"bm":0,"tt":1,"hasMask":false,"ao":0,"ks":{"a":{"a":0,"k":[623.48,534.897,0],"ix":1},"s":{"a":0,"k":[100,100,100],"ix":6},"sk":{"a":0,"k":0},"p":{"a":0,"k":[717.007,574.033,0],"ix":2},"r":{"a":0,"k":0,"ix":10},"sa":{"a":0,"k":0},"o":{"a":0,"k":100,"ix":11}},"ef":[],"shapes":[{"ty":"gr","bm":0,"hd":false,"mn":"ADBE Vector Group","nm":"Group 1","ix":1,"cix":2,"np":29,"it":[{"ty":"sh","bm":0,"hd":false,"mn":"ADBE Vector Shape - Group","nm":"Path 1","ix":1,"d":1,"ks":{"a":0,"k":{"c":true,"i":[[11.691,-39.271],[13.189,-6.295],[23.982,11.69],[2.997,5.396],[2.997,7.794],[1.199,3.897],[6.295,11.091],[17.088,-0.3],[27.579,-27.279],[5.996,-23.083],[-8.094,-17.687],[-2.698,-3.897],[0,0],[1.499,-21.884],[-5.095,-9.893],[10.193,-15.888],[17.386,-3.897],[13.79,8.693],[4.797,5.996],[-5.097,-0.599],[-5.396,3.897],[-1.199,18.586],[5.696,12.291],[-9.293,0.3],[-2.099,0.3],[-5.996,3.298],[-2.998,7.195],[5.096,10.493],[16.487,13.49],[11.69,4.496],[-4.196,36.873],[-20.385,19.785],[-18.286,46.165],[-17.088,9.293],[-14.389,-8.095],[-11.99,-20.685],[-7.194,-26.68]],"o":[[-5.996,19.485],[-13.191,6.295],[-3.597,-1.799],[-3.298,-5.396],[-1.199,-3.598],[-4.497,-12.591],[-8.095,-14.389],[-16.787,0.6],[-28.179,27.58],[-6.295,23.083],[2.099,4.197],[0,0],[-15.888,17.087],[-0.899,15.588],[-9.293,8.693],[-17.087,26.38],[-17.688,3.897],[-6.894,-4.497],[5.696,1.799],[6.595,0.9],[20.085,-14.089],[0.6,-11.991],[15.289,-2.997],[3.298,-0.299],[4.795,-0.3],[5.995,-3.297],[3.298,-7.494],[-5.096,-10.192],[-12.891,-10.192],[9.593,-21.284],[23.983,-5.995],[43.468,-41.968],[18.886,-34.774],[16.787,-9.293],[14.989,8.093],[11.991,20.684],[14.69,53.959]],"v":[[639.064,-245.964],[610.286,-206.094],[555.127,-212.089],[545.234,-222.881],[536.242,-242.966],[532.344,-254.058],[517.056,-290.93],[480.783,-316.411],[415.432,-276.841],[365.969,-200.998],[371.066,-139.844],[377.96,-127.553],[375.862,-125.455],[352.48,-66.699],[359.674,-28.628],[330.596,7.645],[277.537,50.513],[228.972,41.22],[210.986,25.331],[227.474,29.228],[246.06,25.631],[276.637,-24.131],[268.543,-61.004],[306.614,-64.901],[314.709,-65.5],[332.095,-71.196],[347.383,-87.084],[345.585,-114.064],[314.109,-149.437],[276.937,-171.32],[298.22,-258.255],[365.07,-299.024],[461.297,-451.309],[515.857,-515.461],[562.921,-515.76],[603.69,-471.094],[632.768,-398.249]]},"ix":2}},{"ty":"sh","bm":0,"hd":false,"mn":"ADBE Vector Shape - Group","nm":"Path 2","ix":2,"d":1,"ks":{"a":0,"k":{"c":true,"i":[[7.494,2.698],[1.799,0.599],[1.198,2.698],[-7.794,8.393],[-20.385,4.797],[0.599,-11.092],[17.986,-12.89],[5.995,0.6]],"o":[[-1.499,-0.599],[-1.799,-2.698],[-5.097,-13.19],[16.188,-17.387],[5.696,11.991],[-0.6,15.888],[-2.998,2.098],[-5.997,-0.599]],"v":[[207.989,16.038],[203.192,14.24],[198.996,5.846],[202.293,-28.028],[260.149,-59.205],[268.243,-24.431],[241.563,19.336],[228.374,21.434]]},"ix":2}},{"ty":"sh","bm":0,"hd":false,"mn":"ADBE Vector Shape - Group","nm":"Path 3","ix":3,"d":1,"ks":{"a":0,"k":{"c":true,"i":[[10.792,2.399],[11.391,-12.89],[-2.698,-38.97],[-13.489,-19.485],[-18.885,-5.397],[-4.497,-0.6],[0,0],[-11.391,-18.286],[-15.288,-0.6],[-4.797,-16.488],[8.394,-15.888],[15.889,-4.796],[13.191,4.797],[1.198,11.092],[-10.492,19.186],[-6.295,8.093],[-1.199,1.799],[-1.499,6.894],[3.297,7.196],[11.09,2.998],[20.984,-3.897],[11.092,-5.995],[25.181,26.98],[1.798,28.178],[23.083,44.067],[-2.698,19.785],[-1.199,3.597],[-1.799,-4.196],[-1.499,-3.597],[-3.898,-5.996],[-5.695,-2.398],[-15.589,8.993],[-4.796,20.984],[-0.599,9.893],[-5.095,-2.398],[-24.281,-35.673],[-1.799,-3.297],[17.087,-18.287],[-6.295,-13.49],[-0.3,-0.6]],"o":[[-15.889,-3.597],[-10.792,12.591],[2.697,39.271],[13.49,19.785],[4.497,1.499],[0,0],[1.798,22.784],[9.293,14.989],[1.499,11.092],[8.693,30.277],[-8.393,15.889],[-15.887,4.797],[-13.19,-4.796],[-2.998,-25.182],[8.094,-14.689],[1.799,-2.399],[2.998,-3.897],[1.199,-6.895],[-3.597,-7.494],[-11.092,-2.998],[-16.188,3.298],[-9.893,-20.983],[11.092,-22.183],[-3.898,-60.255],[-14.089,-36.872],[0.6,-4.197],[1.799,4.197],[1.499,3.897],[3.296,7.495],[3.896,5.996],[26.081,11.092],[15.288,-8.694],[2.098,-8.394],[5.097,2.099],[47.066,22.783],[2.099,2.998],[-20.684,5.097],[-10.492,11.391],[0.3,0.6],[-10.792,-4.197]],"v":[[159.725,-2.248],[115.958,7.045],[102.768,81.689],[127.949,168.624],[177.711,204.597],[191.202,207.595],[191.202,209.392],[213.684,268.448],[254.154,290.032],[263.447,331.401],[261.348,399.749],[222.677,430.626],[176.212,430.326],[152.831,405.745],[169.018,337.396],[192.4,302.923],[197.197,296.627],[204.391,279.54],[202.293,257.356],[180.71,241.169],[133.345,242.068],[92.276,256.157],[40.115,183.312],[52.706,105.971],[-0.355,-66.4],[-15.643,-150.636],[-12.945,-162.027],[-7.549,-149.437],[-2.752,-138.046],[8.04,-117.361],[22.128,-104.171],[84.482,-102.072],[114.159,-148.837],[118.056,-176.417],[133.344,-169.522],[250.556,-75.992],[256.552,-66.4],[196.597,-33.424],[192.1,7.345],[192.7,8.844]]},"ix":2}},{"ty":"sh","bm":0,"hd":false,"mn":"ADBE Vector Shape - Group","nm":"Path 4","ix":4,"d":1,"ks":{"a":0,"k":{"c":true,"i":[[-0.6,3.898],[-1.799,2.399],[-2.698,0.3],[-5.995,-4.196],[-1.797,-2.098],[0,-0.3],[1.499,-1.499],[2.698,-1.798],[8.993,-1.499],[2.398,0]],"o":[[0.899,-5.995],[1.799,-2.397],[5.395,-0.899],[2.998,2.099],[1.799,2.098],[0,0],[-1.199,1.499],[-6.295,3.298],[-2.397,0.3],[-0.6,-5.996]],"v":[[260.449,267.848],[264.646,255.557],[271.241,251.661],[289.227,257.356],[296.421,263.652],[298.82,267.549],[297.321,269.947],[291.026,274.743],[267.643,282.238],[260.149,282.838]]},"ix":2}},{"ty":"sh","bm":0,"hd":false,"mn":"ADBE Vector Shape - Group","nm":"Path 5","ix":5,"d":1,"ks":{"a":0,"k":{"c":true,"i":[[2.697,-7.494],[2.398,-1.799],[3.898,-0.3],[2.098,4.198],[-3.598,8.095],[-12.29,7.794],[-0.9,-2.098]],"o":[[-1.199,3.598],[-2.398,1.799],[-8.094,0.3],[-2.399,-4.796],[3.896,-8.394],[0.899,2.399],[4.796,14.689]],"v":[[93.475,308.318],[87.779,316.412],[78.186,319.71],[63.198,312.814],[64.397,293.329],[88.079,268.148],[90.777,275.043]]},"ix":2}},{"ty":"sh","bm":0,"hd":false,"mn":"ADBE Vector Shape - Group","nm":"Path 6","ix":6,"d":1,"ks":{"a":0,"k":{"c":true,"i":[[18.885,22.783],[-32.975,11.391],[-5.396,-1.2],[-2.998,-4.197],[2.399,-14.689],[7.794,-8.993],[4.497,-0.899],[5.096,2.997]],"o":[[13.79,-13.489],[9.293,-2.998],[5.396,1.199],[5.995,8.394],[-2.397,14.689],[-3.897,4.497],[-3.597,1.199],[-19.486,-11.092]],"v":[[-136.152,-14.539],[-67.804,-52.01],[-45.92,-54.408],[-33.629,-46.015],[-28.234,-8.843],[-44.421,29.228],[-57.012,37.622],[-70.501,35.524]]},"ix":2}},{"ty":"sh","bm":0,"hd":false,"mn":"ADBE Vector Shape - Group","nm":"Path 7","ix":7,"d":1,"ks":{"a":0,"k":{"c":true,"i":[[2.697,3.298],[-3.597,2.098],[-5.995,-3.298],[0,-5.995],[8.693,-2.697],[5.396,1.498],[5.396,4.197]],"o":[[4.196,-3.897],[11.992,-7.494],[6.295,3.297],[0,5.696],[-2.398,0.6],[-4.796,-1.199],[-2.997,-2.098]],"v":[[-147.543,85.586],[-135.853,76.293],[-108.573,72.396],[-98.98,87.984],[-111.271,102.373],[-123.262,101.774],[-139.15,93.68]]},"ix":2}},{"ty":"sh","bm":0,"hd":false,"mn":"ADBE Vector Shape - Group","nm":"Path 8","ix":8,"d":1,"ks":{"a":0,"k":{"c":true,"i":[[9.293,-20.084],[9.293,8.394],[23.082,-5.396],[9.592,-17.986],[-11.391,-14.389],[47.364,-4.497],[20.385,8.693],[-8.093,9.593],[-0.6,17.687],[-17.088,6.295],[-15.888,28.778],[-7.794,8.393],[-3.297,-2.398],[-6.294,-1.499],[-4.196,1.199],[-0.3,9.293],[8.994,4.497],[13.79,-8.394],[4.197,-3.897],[0,13.19],[-13.19,16.187],[0,0],[-18.886,-10.792],[-6.296,1.798],[-4.498,5.096],[-2.399,15.587],[7.795,11.091],[7.494,1.799],[10.193,-3.598],[14.988,-14.389],[1.799,3.297],[-4.197,21.284],[-25.481,28.778],[-13.49,1.199],[-8.394,-12.89],[-2.098,-4.197],[1.199,-7.495],[-14.089,-37.772],[0,0],[0,0],[-3.598,-58.756]],"o":[[-7.794,-8.094],[-26.38,-23.682],[-22.483,5.396],[-8.993,17.088],[-41.069,20.085],[-26.38,2.398],[7.794,-8.094],[16.188,-19.186],[14.988,6.595],[19.485,-5.996],[8.693,-15.288],[2.698,3.297],[6.295,4.796],[6.296,1.799],[11.691,-3.298],[0.3,-8.994],[-8.993,-4.795],[-4.197,2.698],[-4.496,-7.793],[0,-20.684],[0,0],[20.085,23.682],[6.594,3.897],[6.295,-1.499],[9.293,-10.492],[2.397,-15.589],[-4.196,-5.696],[-7.194,-1.798],[-32.975,11.391],[-2.399,-3.297],[-8.693,-15.588],[4.196,-21.583],[25.78,-29.078],[12.59,-1.199],[2.398,3.898],[-2.698,5.695],[-2.998,21.583],[0,0],[0,0],[22.783,43.768],[1.799,26.38]],"v":[[33.82,177.616],[8.339,153.035],[-68.103,129.353],[-118.465,168.623],[-117.566,219.585],[-257.86,263.352],[-328.907,255.258],[-305.225,228.878],[-281.542,173.12],[-232.379,175.818],[-177.82,125.756],[-153.239,90.383],[-144.246,99.076],[-125.061,108.369],[-108.873,108.969],[-91.186,87.385],[-104.976,64.601],[-140.049,68.799],[-152.34,78.391],[-159.834,46.915],[-142.447,-8.243],[-141.548,-9.143],[-74.398,41.819],[-54.613,44.817],[-38.125,34.025],[-19.839,-7.943],[-26.735,-50.811],[-43.822,-62.203],[-69.902,-59.804],[-140.648,-21.134],[-146.944,-31.026],[-155.337,-86.185],[-112.769,-161.428],[-55.213,-202.797],[-24.636,-183.312],[-18.041,-171.32],[-23.737,-151.535],[-7.849,-63.102],[-7.849,-62.802],[-7.849,-62.503],[44.312,106.87]]},"ix":2}},{"ty":"sh","bm":0,"hd":false,"mn":"ADBE Vector Shape - Group","nm":"Path 9","ix":9,"d":1,"ks":{"a":0,"k":{"c":true,"i":[[3.298,-3.597],[9.293,1.499],[37.172,-15.589],[0,0],[0,0],[7.195,-3.597],[-8.393,15.887],[-20.384,4.795],[-24.581,-22.183],[-8.093,-8.393]],"o":[[-6.595,-4.497],[-21.284,-3.596],[0,0],[0,0],[-6.295,3.597],[-9.892,-11.091],[8.394,-16.188],[20.085,-4.797],[9.892,8.993],[-2.697,4.796]],"v":[[21.229,197.402],[-2.453,188.108],[-89.687,204.896],[-89.987,204.896],[-90.287,204.896],[-110.372,215.688],[-111.571,172.221],[-66.305,136.848],[2.943,158.731],[29.922,184.811]]},"ix":2}},{"ty":"sh","bm":0,"hd":false,"mn":"ADBE Vector Shape - Group","nm":"Path 10","ix":10,"d":1,"ks":{"a":0,"k":{"c":true,"i":[[12.29,8.094],[-5.396,2.999],[-19.485,-3.298],[-5.397,-3.597],[21.584,-4.196]],"o":[[5.995,-2.998],[36.572,-15.289],[7.495,1.199],[-11.991,11.392],[-35.074,6.596]],"v":[[-103.776,221.683],[-86.689,212.39],[-3.952,196.203],[15.534,203.397],[-34.529,227.079]]},"ix":2}},{"ty":"sh","bm":0,"hd":false,"mn":"ADBE Vector Shape - Group","nm":"Path 11","ix":11,"d":1,"ks":{"a":0,"k":{"c":true,"i":[[-2.698,-6.595],[3.596,-23.682],[11.091,-25.48],[33.875,-23.382],[14.389,3.297],[11.091,24.282],[-0.899,6.295],[-2.698,7.794],[-1.199,3.898],[-2.099,12.291],[13.79,10.491],[38.971,-4.197],[19.186,-14.09],[4.796,-18.886],[0.599,-4.797],[0.899,0],[14.689,-16.188],[2.098,-10.792],[17.687,-5.997],[16.187,7.794],[5.396,15.588],[-4.197,13.489],[-11.092,1.499],[-19.785,-9.892],[-8.093,-5.995],[-1.798,-1.199],[-6.895,-1.199],[-7.195,3.596],[-2.398,11.392],[4.797,20.684],[6.296,10.792],[-26.08,26.08],[-28.178,2.697],[-41.668,20.684],[-38.671,7.195],[-13.19,12.891]],"o":[[6.595,15.589],[-3.598,23.682],[-22.184,51.262],[-16.787,11.392],[-14.389,-2.998],[-1.499,-3.597],[0.9,-6.295],[1.199,-3.597],[4.197,-12.59],[2.698,-16.187],[-13.19,-10.192],[-39.27,4.197],[-19.186,14.089],[-1.199,4.497],[-0.9,0],[-23.083,3.298],[-10.492,11.691],[-12.291,0.9],[-29.678,10.192],[-16.188,-7.794],[-5.396,-15.888],[4.197,-13.491],[25.181,-3.596],[14.989,7.495],[2.698,1.799],[4.197,2.399],[6.895,1.199],[7.194,-3.898],[2.399,-11.391],[-3.897,-16.188],[20.385,-10.492],[22.483,10.492],[49.463,-4.797],[14.689,11.69],[23.682,-4.196],[4.797,4.797]],"v":[[33.22,225.58],[37.118,285.835],[14.335,361.078],[-75.598,483.985],[-122.962,497.176],[-162.232,458.205],[-163.132,443.516],[-157.436,422.232],[-153.539,411.14],[-142.447,372.769],[-155.038,330.202],[-230.881,320.309],[-316.916,348.788],[-351.09,399.749],[-353.488,413.539],[-356.486,413.839],[-411.345,445.315],[-429.331,479.489],[-474.597,489.682],[-542.945,490.281],[-575.021,452.809],[-576.52,406.345],[-552.838,382.062],[-483.89,395.852],[-448.517,418.035],[-441.922,422.532],[-424.535,428.827],[-402.651,426.13],[-387.363,403.946],[-390.061,356.582],[-405.649,316.112],[-334.902,261.554],[-257.261,271.446],[-111.871,225.581],[-33.03,234.873],[21.829,208.493]]},"ix":2}},{"ty":"sh","bm":0,"hd":false,"mn":"ADBE Vector Shape - Group","nm":"Path 12","ix":12,"d":1,"ks":{"a":0,"k":{"c":true,"i":[[-32.077,-13.789],[-3.297,-4.497],[0.6,-5.096],[11.691,-9.293],[11.692,-1.199],[3.898,2.098],[1.799,5.395],[-1.499,29.678]],"o":[[8.993,3.898],[2.998,4.496],[-1.199,10.492],[-11.391,9.293],[-5.995,0.6],[-4.196,-1.798],[-6.894,-21.284],[19.485,-0.599]],"v":[[-270.75,439.019],[-253.064,451.91],[-249.467,466.299],[-270.451,497.475],[-307.923,514.562],[-322.912,512.464],[-331.905,501.673],[-346.593,420.433]]},"ix":2}},{"ty":"sh","bm":0,"hd":false,"mn":"ADBE Vector Shape - Group","nm":"Path 13","ix":13,"d":1,"ks":{"a":0,"k":{"c":true,"i":[[-4.196,-0.9],[-2.398,-6.596],[3.897,-4.197],[8.093,3.898],[2.998,4.497],[1.199,6.895],[-0.3,3.898]],"o":[[13.79,2.698],[2.398,6.594],[-3.897,4.196],[-2.098,-1.199],[-3.297,-4.796],[-0.599,-3.598],[5.695,0]],"v":[[-407.448,487.883],[-384.665,503.472],[-387.962,521.458],[-406.548,523.855],[-414.942,515.462],[-421.837,498.075],[-422.436,486.683]]},"ix":2}},{"ty":"sh","bm":0,"hd":false,"mn":"ADBE Vector Shape - Group","nm":"Path 14","ix":14,"d":1,"ks":{"a":0,"k":{"c":true,"i":[[7.194,31.776],[-10.792,11.092],[-16.488,-8.094],[-0.3,0],[-3.897,-7.494],[-14.988,-8.694],[16.188,-19.485],[8.095,-8.394]],"o":[[-9.293,-41.069],[10.492,-11.092],[0.3,0],[-0.6,7.794],[6.295,13.79],[0.3,16.788],[-8.694,10.192],[-20.983,-11.392]],"v":[[-380.168,189.008],[-372.674,113.465],[-328.607,109.868],[-327.707,110.168],[-322.312,133.55],[-289.037,169.223],[-310.92,224.082],[-336.102,251.961]]},"ix":2}},{"ty":"sh","bm":0,"hd":false,"mn":"ADBE Vector Shape - Group","nm":"Path 15","ix":15,"d":1,"ks":{"a":0,"k":{"c":true,"i":[[-4.496,-16.487],[-0.299,-1.799],[5.096,10.491],[0.3,4.797]],"o":[[0.6,1.799],[-11.391,-7.795],[-2.398,-5.397],[12.891,8.693]],"v":[[-291.735,153.934],[-290.536,159.031],[-315.717,130.253],[-319.914,114.964]]},"ix":2}},{"ty":"sh","bm":0,"hd":false,"mn":"ADBE Vector Shape - Group","nm":"Path 16","ix":16,"d":1,"ks":{"a":0,"k":{"c":true,"i":[[-15.887,-5.996],[1.798,-8.993],[12.89,-7.494],[24.581,10.192],[3.597,5.396],[3.297,7.494],[1.499,3.897],[2.998,6.596],[-8.094,3.897],[-21.584,-3.598]],"o":[[-0.599,10.492],[-4.497,20.085],[-12.591,7.195],[-3.597,-1.499],[-3.597,-5.396],[-1.499,-3.298],[-2.997,-6.296],[4.497,-7.794],[13.79,-6.596],[14.389,2.398]],"v":[[110.262,-179.714],[106.665,-150.636],[80.585,-108.668],[25.426,-111.066],[14.634,-121.258],[4.442,-140.743],[-0.055,-151.535],[-9.048,-171.021],[10.137,-188.407],[64.397,-192.604]]},"ix":2}},{"ty":"sh","bm":0,"hd":false,"mn":"ADBE Vector Shape - Group","nm":"Path 17","ix":17,"d":1,"ks":{"a":0,"k":{"c":true,"i":[[-2.398,2.698],[-21.284,5.995],[-10.192,1.199],[-2.099,0.299],[-5.995,3.897],[-2.698,7.495],[5.696,9.893],[17.388,11.991],[11.992,3.897],[-1.499,36.872],[-19.186,20.985],[-15.588,47.364],[-16.487,10.492],[-14.988,-6.895],[-13.19,-19.785],[-8.993,-26.38],[0.3,-35.074],[14.389,2.098],[15.888,-7.494],[5.096,-6.895],[1.499,2.698],[17.387,-1.798],[25.78,-29.079],[4.796,-23.083],[-9.293,-17.088],[-2.697,-3.897],[0.6,-0.9],[0,-22.183],[-5.996,-9.593],[9.293,-16.487],[17.087,-5.396],[14.389,7.194],[1.2,4.197],[15.888,9.592]],"o":[[16.188,-19.785],[16.188,-4.496],[3.298,-0.3],[4.796,-0.6],[5.995,-3.897],[2.698,-7.794],[-5.696,-9.892],[-13.489,-9.293],[8.095,-21.883],[23.682,-7.495],[40.469,-44.966],[16.487,-35.973],[16.188,-10.492],[15.29,7.194],[13.19,19.785],[13.191,38.071],[-15.289,-5.696],[-22.183,-3.597],[-8.093,3.897],[-1.499,-2.998],[-8.993,-13.789],[-16.487,1.499],[-26.081,29.377],[-4.796,23.383],[2.398,4.196],[-0.599,0.9],[-14.689,17.986],[0,15.589],[-8.693,9.293],[-15.289,27.279],[-16.787,4.197],[-0.3,-4.198],[-5.395,-20.085],[0.899,-3.598]],"v":[[-314.518,96.378],[-254.263,60.105],[-213.194,52.611],[-205.1,51.712],[-188.013,44.817],[-173.624,28.029],[-177.221,1.349],[-211.096,-31.626],[-249.767,-51.111],[-234.478,-139.244],[-170.326,-184.211],[-84.291,-342.791],[-34.229,-410.54],[12.835,-414.137],[56.303,-372.169],[90.177,-301.422],[110.562,-187.208],[65.596,-199.499],[6.84,-194.703],[-12.945,-178.515],[-17.742,-186.909],[-55.813,-209.692],[-118.465,-165.924],[-162.832,-87.084],[-153.839,-26.529],[-146.345,-14.539],[-148.143,-12.14],[-167.329,48.114],[-157.436,85.586],[-184.116,123.657],[-234.178,170.122],[-281.842,164.427],[-284.241,151.836],[-319.314,105.971]]},"ix":2}},{"ty":"sh","bm":0,"hd":false,"mn":"ADBE Vector Shape - Group","nm":"Path 18","ix":18,"d":1,"ks":{"a":0,"k":{"c":true,"i":[[26.68,18.886],[-0.6,15.588],[-17.687,5.097],[-17.687,-11.092],[-1.199,-33.275],[0.3,-11.692]],"o":[[-34.473,-23.982],[0.599,-15.289],[17.387,-5.396],[17.387,11.091],[0.6,13.19],[-23.082,5.695]],"v":[[-317.216,-162.627],[-362.481,-223.481],[-332.204,-255.857],[-275.247,-248.362],[-242.572,-183.311],[-242.272,-145.839]]},"ix":2}},{"ty":"sh","bm":0,"hd":false,"mn":"ADBE Vector Shape - Group","nm":"Path 19","ix":19,"d":1,"ks":{"a":0,"k":{"c":true,"i":[[25.48,20.385],[-1.499,15.588],[-17.987,4.197],[-16.788,-12.291],[0.899,-33.275],[1.199,-11.691]],"o":[[-32.676,-26.38],[1.499,-14.989],[17.686,-3.897],[16.787,12.29],[-0.6,13.19],[-23.683,4.197]],"v":[[216.982,-286.434],[175.913,-350.285],[208.289,-380.563],[264.646,-369.171],[293.125,-302.321],[290.726,-264.85]]},"ix":2}},{"ty":"sh","bm":0,"hd":false,"mn":"ADBE Vector Shape - Group","nm":"Path 20","ix":20,"d":1,"ks":{"a":0,"k":{"c":true,"i":[[-34.174,9.293],[-5.396,-1.499],[-2.698,-4.197],[3.297,-14.389],[8.394,-8.394],[4.496,-0.9],[4.797,3.298],[17.087,23.982]],"o":[[9.293,-2.698],[5.096,1.499],[5.395,8.993],[-3.298,14.689],[-4.497,4.197],[-4.497,0.899],[-18.586,-12.291],[14.689,-12.59]],"v":[[459.198,-159.629],[481.083,-160.528],[492.774,-151.535],[495.771,-114.064],[476.885,-77.191],[463.696,-69.397],[449.906,-72.395],[387.853,-126.654]]},"ix":2}},{"ty":"sh","bm":0,"hd":false,"mn":"ADBE Vector Shape - Group","nm":"Path 21","ix":21,"d":1,"ks":{"a":0,"k":{"c":true,"i":[[-3.597,1.499],[-5.696,-3.597],[0.6,-5.996],[8.993,-2.099],[5.096,1.799],[5.096,4.496],[2.397,3.298]],"o":[[12.591,-6.595],[5.995,3.597],[-0.599,5.696],[-2.398,0.299],[-5.096,-1.798],[-2.698,-2.398],[4.496,-3.597]],"v":[[381.857,-35.523],[409.437,-37.621],[418.13,-21.433],[404.94,-7.943],[393.249,-9.443],[377.361,-18.735],[369.567,-27.429]]},"ix":2}},{"ty":"sh","bm":0,"hd":false,"mn":"ADBE Vector Shape - Group","nm":"Path 22","ix":22,"d":1,"ks":{"a":0,"k":{"c":true,"i":[[-15.289,31.777],[-4.796,2.997],[-5.097,-0.899],[-8.993,-11.991],[-0.6,-11.991],[2.098,-3.897],[5.397,-1.499],[29.378,2.698]],"o":[[4.197,-8.693],[4.797,-2.998],[10.191,1.499],[8.693,11.99],[0.3,5.995],[-2.399,3.597],[-21.584,5.996],[0.3,-19.486]],"v":[[219.68,126.355],[233.469,109.268],[248.159,106.27],[278.435,128.454],[294.024,166.525],[291.326,181.514],[279.934,189.607],[198.096,201.299]]},"ix":2}},{"ty":"sh","bm":0,"hd":false,"mn":"ADBE Vector Shape - Group","nm":"Path 23","ix":23,"d":1,"ks":{"a":0,"k":{"c":true,"i":[[2.398,-0.6],[7.494,2.398],[2.098,2.398],[0.299,4.197],[-4.197,2.398],[-8.094,-3.298],[-8.394,-11.99]],"o":[[-14.389,5.396],[-3.598,-1.199],[-1.799,-2.398],[-0.6,-8.094],[4.497,-2.099],[8.394,3.598],[-2.398,0.9]],"v":[[-423.935,315.513],[-456.91,319.41],[-465.304,314.014],[-468.901,304.421],[-462.606,289.133],[-443.121,290.032],[-417.04,312.814]]},"ix":2}},{"ty":"sh","bm":0,"hd":false,"mn":"ADBE Vector Shape - Group","nm":"Path 24","ix":24,"d":1,"ks":{"a":0,"k":{"c":true,"i":[[0.899,-2.099],[6.895,-3.297],[2.997,0.3],[2.998,2.997],[-1.499,4.497],[-8.394,2.997],[-14.089,-2.997]],"o":[[-6.895,13.789],[-3.597,1.799],[-2.998,-0.599],[-5.995,-5.396],[1.198,-4.496],[8.693,-2.998],[-0.899,2.399]],"v":[[-263.556,-39.719],[-285.14,-14.539],[-294.732,-12.74],[-303.726,-17.536],[-309.421,-33.125],[-295.032,-45.415],[-260.558,-46.315]]},"ix":2}},{"ty":"sh","bm":0,"hd":false,"mn":"ADBE Vector Shape - Group","nm":"Path 25","ix":25,"d":1,"ks":{"a":0,"k":{"c":true,"i":[[1.199,-2.098],[7.195,-2.997],[2.998,0.6],[2.698,2.997],[-1.799,4.496],[-8.394,2.398],[-13.79,-3.897]],"o":[[-7.794,13.19],[-3.597,1.2],[-2.997,-0.9],[-5.395,-5.996],[1.799,-4.497],[8.693,-2.399],[-1.199,2.399]],"v":[[261.948,-160.229],[238.565,-136.547],[228.672,-135.647],[219.979,-141.043],[215.483,-156.931],[231.071,-168.322],[265.545,-166.824]]},"ix":2}},{"ty":"sh","bm":0,"hd":false,"mn":"ADBE Vector Shape - Group","nm":"Path 26","ix":26,"d":1,"ks":{"a":0,"k":{"c":true,"i":[[14.69,54.559],[12.29,21.583],[16.487,9.293],[19.185,-10.792],[19.186,-35.374],[0,0],[0,0],[42.268,-41.069],[21.284,-5.995],[-0.3,12.59],[19.185,13.79],[19.785,-4.497],[2.099,-19.785],[-33.574,-26.68],[-25.18,3.897],[8.993,-19.785],[10.791,-2.998],[2.997,-7.495],[-7.194,-7.494],[-4.797,-1.199],[-4.796,1.799],[-8.393,13.789],[-1.499,2.699],[-12.591,-10.193],[-4.196,-8.693],[2.098,-5.096],[5.096,-2.997],[3.597,-0.3],[2.998,-0.3],[16.787,-3.297],[2.697,4.196],[47.964,23.083],[5.996,2.398],[13.49,39.57],[13.79,20.685],[17.087,8.094],[18.585,-11.991],[16.788,-36.572],[0,0],[0,0],[39.57,-43.767],[20.685,-7.194],[0.6,12.591],[20.085,12.59],[19.485,-5.996],[0.599,-19.785],[-35.073,-24.582],[-24.881,5.695],[7.494,-20.385],[10.492,-3.598],[2.699,-7.794],[-7.795,-7.194],[-4.797,-0.6],[-4.796,2.098],[-7.495,14.39],[-1.199,2.998],[-13.19,-9.293],[-4.796,-8.393],[1.798,-5.096],[5.096,-3.297],[3.597,-0.599],[2.997,-0.3],[16.787,-4.796],[17.686,-21.583],[1.199,-3.897],[13.49,-14.09],[-9.593,-41.968],[-22.183,-12.591],[19.486,-9.892],[10.192,4.198],[7.194,-3.897],[-0.9,-10.492],[-2.998,-3.898],[-5.096,-1.499],[-15.289,5.697],[-2.997,1.198],[-3.597,-15.889],[2.098,-9.592],[4.796,-2.697],[5.995,0.899],[2.998,2.098],[2.398,1.799],[15.588,7.795],[27.579,-4.198],[4.796,-15.289],[-5.996,-17.087],[-18.586,-8.694],[-31.176,10.492],[-11.392,1.199],[-0.599,-3.897],[-3.597,-5.396],[-3.897,-1.799],[-6.296,6.895],[3.597,9.293],[15.889,2.998],[5.696,0],[-8.993,9.892],[-20.685,2.999],[-0.3,0],[-6.594,-20.684],[-5.696,-2.998],[-6.895,0.599],[-12.291,9.892],[-1.499,13.491],[4.197,6.296],[9.893,4.197],[20.984,-0.6],[-0.9,3.898],[-17.687,12.891],[-38.371,4.196],[-10.792,-8.094],[2.698,-15.288],[4.197,-12.29],[1.199,-3.896],[0.899,-6.895],[-2.698,-5.696],[-17.386,-3.896],[-17.687,12.291],[-22.484,51.862],[-3.598,24.582],[7.194,17.687],[5.695,5.396],[-2.399,3.897],[-9.293,-19.785],[4.796,-10.192],[-3.896,-7.194],[-10.493,0.6],[-3.898,2.998],[-1.799,4.797],[5.097,15.288],[1.199,2.998],[-15.888,2.998],[-9.593,-2.399],[-2.399,-5.097],[1.199,-5.995],[2.099,-2.998],[1.799,-2.398],[8.395,-15.288],[-2.997,-27.579],[-14.988,-5.396],[-17.387,5.396],[-9.593,17.987],[9.293,31.476],[1.499,10.492],[-2.398,0.3],[-6.895,3.597],[-2.099,2.398],[0.3,3.298],[2.098,2.398],[3.297,2.398],[8.393,-1.499],[2.998,-3.898],[0.899,-6.894],[-0.3,-6.296],[7.195,11.691],[1.499,20.984],[0,0],[-20.984,5.996],[-3.297,5.696],[0.6,6.894],[9.593,12.591],[13.191,2.098],[6.296,-4.196],[4.497,-9.593],[0.599,-20.684],[3.597,0.899],[12.291,17.987],[2.698,38.371],[-8.693,9.892],[-15.589,-3.597],[-11.091,-4.197],[-2.399,-0.9],[-11.091,-7.194],[-19.785,4.497],[-17.686,27.579],[-8.094,8.094],[-2.997,-2.698],[-5.996,-2.099],[-4.197,0.899],[-0.9,9.293],[8.693,5.096],[14.089,-7.495],[4.497,-3.597],[-0.9,13.19],[-14.389,15.288],[0,0],[-17.986,-11.991],[-6.595,1.199],[-5.097,4.796],[-3.598,15.588],[7.194,11.391],[7.194,2.098],[10.492,-2.698],[15.889,-13.49],[1.499,3.598],[-5.696,20.984],[-27.279,26.98],[-13.49,0.3],[-7.494,-13.49],[-4.196,-12.291],[-1.499,-3.897],[-3.598,-5.995],[-5.396,-2.698],[-16.188,7.794],[-5.097,22.184]],"o":[[-7.494,-27.279],[-12.291,-21.285],[-16.787,-9.293],[-18.886,10.493],[0,0],[0,0],[-18.286,45.865],[-18.885,18.586],[1.199,-11.092],[0.9,-35.673],[-18.886,-13.789],[-19.786,4.497],[-2.098,19.785],[26.08,20.984],[-4.196,35.373],[-15.588,-4.796],[-9.893,2.997],[-2.998,7.793],[3.598,3.897],[4.796,0.9],[9.593,-3.897],[1.499,-2.399],[10.792,4.198],[16.188,12.89],[4.197,8.694],[-2.099,5.396],[-5.096,2.998],[-1.799,0],[-9.892,0.299],[-2.099,-4.197],[-25.482,-37.472],[-5.995,-2.997],[0.899,-36.872],[-8.993,-26.68],[-13.79,-20.385],[-17.387,-8.394],[-18.287,11.991],[0,0],[0,0],[-14.989,46.765],[-17.687,19.486],[0.3,-11.091],[-1.499,-35.373],[-19.785,-12.291],[-19.186,5.696],[-0.6,19.486],[27.579,19.185],[-1.798,35.673],[-15.888,-3.597],[-9.593,3.297],[-2.697,8.095],[3.897,3.598],[4.796,0.599],[8.993,-4.497],[1.499,-2.398],[11.391,3.298],[17.087,11.991],[4.796,8.394],[-1.799,5.096],[-5.096,3.298],[-1.799,0.3],[-9.893,1.198],[-21.884,6.296],[-2.698,3.298],[-17.986,-8.094],[-13.789,14.089],[7.194,32.676],[-25.181,25.181],[-9.293,-13.49],[-9.593,-3.896],[-7.495,4.197],[0.3,5.396],[3.297,3.596],[9.893,2.997],[2.698,-1.199],[6.296,10.192],[4.497,20.084],[-2.098,9.293],[-5.096,2.699],[-5.696,-0.899],[-1.499,-0.899],[-8.394,-5.995],[-20.385,-10.492],[-15.288,2.098],[-4.797,15.288],[5.995,17.388],[18.287,8.993],[16.788,-5.396],[0,4.197],[1.499,8.094],[3.298,5.096],[11.391,5.395],[6.295,-6.594],[-3.597,-9.592],[-4.496,-0.9],[1.799,-8.993],[14.09,-15.288],[0.299,-0.299],[-1.499,31.176],[2.399,7.495],[5.695,2.997],[13.79,-1.2],[12.29,-9.893],[0.899,-6.594],[-4.196,-6.295],[-32.076,-13.79],[0.6,-3.898],[4.196,-17.386],[17.687,-13.19],[38.671,-3.897],[10.192,7.793],[-2.099,11.691],[-1.199,3.897],[-2.698,7.794],[-1.199,6.894],[11.991,25.481],[17.387,4.197],[35.673,-24.583],[11.391,-25.78],[3.596,-24.281],[-3.298,-7.794],[3.297,-3.598],[24.281,26.08],[-13.789,8.994],[-4.197,9.593],[3.898,7.494],[5.096,-0.3],[3.896,-2.997],[3.297,-9.892],[-0.899,-2.698],[10.492,-5.695],[20.384,-3.897],[9.293,2.398],[2.398,5.096],[-1.2,5.995],[-1.198,1.498],[-5.995,8.094],[-10.791,20.085],[1.799,15.289],[14.99,5.097],[17.387,-5.396],[9.293,-17.986],[-4.796,-15.888],[2.699,-0.3],[9.893,-1.499],[3.297,-1.799],[2.098,-2.098],[0,-2.997],[-2.399,-2.698],[-6.596,-4.497],[-4.197,0.9],[-2.997,3.597],[-0.6,4.498],[-13.19,-0.899],[-11.391,-17.987],[0,0],[31.176,2.698],[7.494,-2.098],[2.998,-5.396],[-0.899,-13.79],[-9.293,-12.59],[-6.894,-0.9],[-6.295,3.897],[-15.588,31.776],[-3.597,-0.599],[-17.088,-4.796],[-12.29,-17.986],[-2.698,-38.671],[8.394,-9.293],[10.492,2.398],[2.398,1.199],[6.295,10.492],[15.588,9.593],[19.785,-4.797],[9.593,-14.989],[2.398,3.597],[5.996,5.396],[5.696,1.798],[11.99,-2.698],[0.899,-8.993],[-8.993,-5.396],[-4.198,2.098],[-3.897,-8.394],[1.498,-20.984],[0,0],[18.286,25.181],[6.295,4.197],[6.295,-1.499],[9.893,-9.893],[3.596,-15.289],[-3.597,-5.996],[-7.195,-2.098],[-33.575,8.993],[-1.798,-3.298],[-7.494,-16.187],[5.696,-21.284],[27.58,-27.279],[12.89,-0.299],[5.695,10.192],[1.499,3.897],[2.698,7.794],[3.297,5.995],[25.181,12.591],[16.188,-7.794],[12.29,-41.069]],"v":[[638.763,-401.847],[608.787,-476.49],[565.018,-524.154],[510.161,-523.855],[452.603,-456.405],[452.603,-456.106],[452.603,-455.806],[358.175,-305.919],[297.621,-267.848],[299.719,-303.221],[267.943,-376.666],[205.291,-389.256],[166.919,-352.084],[210.986,-281.338],[288.627,-257.655],[267.943,-174.918],[227.774,-176.716],[207.089,-160.528],[213.384,-136.247],[225.975,-128.753],[240.364,-130.252],[267.643,-157.231],[272.14,-165.026],[307.813,-144.041],[337.191,-111.366],[338.99,-90.981],[326.999,-78.691],[312.61,-73.894],[305.415,-73.594],[263.447,-69.098],[255.953,-81.388],[135.443,-177.616],[117.157,-185.71],[96.472,-305.319],[61.699,-377.865],[14.934,-422.531],[-39.624,-418.634],[-92.685,-347.288],[-92.685,-346.988],[-92.685,-346.688],[-176.921,-190.806],[-234.778,-148.838],[-235.078,-184.211],[-271.65,-255.257],[-335.202,-263.651],[-370.875,-224.081],[-322.012,-156.631],[-242.872,-138.345],[-257.86,-54.409],[-298.03,-53.509],[-317.516,-36.123],[-309.721,-12.441],[-296.531,-5.845],[-282.142,-8.243],[-256.961,-37.022],[-253.064,-45.116],[-215.892,-26.53],[-184.416,4.047],[-181.418,24.132],[-192.51,37.022],[-206.599,42.718],[-213.793,43.618],[-256.361,51.411],[-320.513,90.382],[-326.209,101.174],[-378.37,106.87],[-387.962,189.607],[-342.097,256.457],[-409.846,308.318],[-440.123,281.937],[-466.503,281.638],[-476.695,304.421],[-471.599,318.211],[-459.309,326.005],[-421.237,321.807],[-412.844,318.211],[-397.855,356.882],[-395.157,400.648],[-406.548,417.435],[-423.635,419.534],[-437.725,414.438],[-443.72,410.241],[-480.592,387.158],[-554.337,372.47],[-584.314,402.147],[-582.815,453.408],[-546.543,495.377],[-472.499,495.377],[-430.53,485.784],[-429.631,498.075],[-421.837,518.16],[-410.445,529.252],[-382.566,525.354],[-377.47,499.274],[-406.249,478.89],[-421.537,477.69],[-405.949,449.212],[-355.886,420.433],[-354.687,420.134],[-339.699,503.171],[-327.108,518.76],[-307.623,521.757],[-265.954,503.171],[-241.972,466.898],[-246.769,447.113],[-267.753,431.225],[-345.994,412.04],[-343.895,400.648],[-312.719,354.183],[-230.581,327.204],[-160.134,335.598],[-150.541,370.671],[-161.333,407.243],[-165.23,418.934],[-171.226,441.418],[-169.727,460.603],[-125.061,504.07],[-71.401,489.682],[21.529,363.476],[44.912,286.434],[40.415,221.983],[27.225,202.198],[35.619,190.807],[85.081,260.354],[57.502,289.732],[56.302,316.112],[78.786,327.204],[92.576,322.407],[100.969,310.416],[98.271,272.046],[94.973,263.651],[134.244,250.162],[178.011,248.963],[194.499,260.954],[195.998,278.041],[190.301,292.131],[185.805,297.826],[161.523,333.799],[144.436,406.943],[173.214,438.12],[224.476,438.42],[267.643,403.646],[270.042,329.602],[261.048,290.332],[268.842,289.432],[294.623,281.039],[303.017,274.743],[306.614,266.349],[302.418,257.956],[293.724,250.462],[269.742,243.567],[258.35,250.462],[252.355,266.349],[252.055,282.238],[219.08,264.551],[197.796,209.093],[197.796,208.793],[281.733,196.802],[297.621,184.811],[301.218,165.626],[284.131,123.357],[248.757,98.177],[228.672,102.373],[212.185,122.758],[189.702,200.099],[178.611,197.701],[133.344,165.026],[109.363,81.989],[120.754,13.341],[157.027,6.745],[189.702,17.837],[197.197,20.835],[224.176,48.114],[278.735,58.307],[336.591,11.842],[363.271,-22.033],[371.665,-12.74],[390.251,-1.948],[406.139,-0.449],[425.325,-20.834],[413.034,-44.516],[377.661,-42.717],[364.77,-34.024],[359.375,-66.1],[380.658,-120.059],[381.557,-120.958],[445.11,-65.5],[464.595,-61.303],[481.682,-71.196],[502.666,-111.965],[498.768,-155.132],[482.581,-167.723],[456.202,-166.824],[383.056,-133.249],[377.661,-143.442],[373.164,-199.199],[420.528,-271.445],[480.783,-308.917],[510.161,-287.632],[524.549,-252.559],[528.747,-240.868],[538.039,-219.584],[551.229,-205.495],[613.283,-199.199],[645.059,-245.365]]},"ix":2}},{"ty":"mm","bm":0,"hd":false,"mn":"ADBE Vector Filter - Merge","nm":"Merge Paths 1","mm":1},{"ty":"mm","bm":0,"hd":false,"mn":"ADBE Vector Filter - Merge","nm":"Merge Paths 2","mm":4},{"ty":"fl","bm":0,"hd":false,"mn":"ADBE Vector Graphic - Fill","nm":"Fill 1","c":{"a":0,"k":[1,1,1],"ix":4},"r":1,"o":{"a":0,"k":100,"ix":5}},{"ty":"tr","a":{"a":0,"k":[0,0],"ix":1},"s":{"a":0,"k":[100,100],"ix":3},"sk":{"a":0,"k":0,"ix":4},"p":{"a":0,"k":[589.361,534.897],"ix":2},"r":{"a":0,"k":0,"ix":6},"sa":{"a":0,"k":0,"ix":5},"o":{"a":0,"k":100,"ix":7}}]}],"ind":12},{"ty":4,"nm":"shorts","sr":1,"st":0,"op":180,"ip":0,"hd":false,"ddd":0,"bm":0,"hasMask":false,"ao":0,"ks":{"a":{"a":0,"k":[138.745,107.719,0],"ix":1},"s":{"a":0,"k":[100,100,100],"ix":6},"sk":{"a":0,"k":0},"p":{"a":0,"k":[608.242,602.396,0],"ix":2},"r":{"a":0,"k":0,"ix":10},"sa":{"a":0,"k":0},"o":{"a":0,"k":100,"ix":11}},"ef":[],"shapes":[{"ty":"gr","bm":0,"hd":false,"mn":"ADBE Vector Group","nm":"Group 1","ix":1,"cix":2,"np":2,"it":[{"ty":"sh","bm":0,"hd":false,"mn":"ADBE Vector Shape - Group","nm":"Path 1","ix":1,"d":1,"ks":{"a":1,"k":[{"o":{"x":0.333,"y":0},"i":{"x":0.667,"y":1},"s":[{"c":true,"i":[[0,0],[0,0],[6.894,27.579],[3.598,-3.597],[0,0],[0,0],[0,0]],"o":[[0,0],[0,0],[-2.399,-9.293],[-15.288,14.989],[0,0],[0,0],[0,0]],"v":[[17.687,107.469],[138.495,100.274],[122.008,-91.881],[-53.06,-103.872],[-138.495,63.102],[-27.58,105.97],[15.888,12.44]]}],"t":0},{"o":{"x":0.333,"y":0},"i":{"x":0.667,"y":1},"s":[{"c":true,"i":[[0,0],[0,0],[6.894,27.579],[3.598,-3.597],[0,0],[0,0],[0,0]],"o":[[0,0],[0,0],[-2.399,-9.293],[-15.288,14.989],[0,0],[0,0],[0,0]],"v":[[16.687,112.469],[139.495,110.274],[125.509,-82.881],[-48.56,-103.372],[-132.495,68.602],[-11.08,107.97],[13.888,41.44]]}],"t":60},{"s":[{"c":true,"i":[[0,0],[0,0],[6.894,27.579],[3.598,-3.597],[0,0],[0,0],[0,0]],"o":[[0,0],[0,0],[-2.399,-9.293],[-15.288,14.989],[0,0],[0,0],[0,0]],"v":[[17.687,107.469],[138.495,100.274],[122.008,-91.881],[-53.06,-103.872],[-138.495,63.102],[-27.58,105.97],[15.888,12.44]]}],"t":120}],"ix":2}},{"ty":"fl","bm":0,"hd":false,"mn":"ADBE Vector Graphic - Fill","nm":"Fill 1","c":{"a":0,"k":[1,0.7137,0.6627],"ix":4},"r":1,"o":{"a":0,"k":100,"ix":5}},{"ty":"tr","a":{"a":0,"k":[0,0],"ix":1},"s":{"a":0,"k":[100,100],"ix":3},"sk":{"a":0,"k":0,"ix":4},"p":{"a":0,"k":[138.745,107.719],"ix":2},"r":{"a":0,"k":0,"ix":6},"sa":{"a":0,"k":0,"ix":5},"o":{"a":0,"k":100,"ix":7}}]}],"ind":13},{"ty":4,"nm":"m1","sr":1,"st":0,"op":180,"ip":0,"hd":false,"ddd":0,"bm":0,"hasMask":false,"ao":0,"ks":{"a":{"a":0,"k":[117.162,24.832,0],"ix":1},"s":{"a":0,"k":[100,100,100],"ix":6},"sk":{"a":0,"k":0},"p":{"a":0,"k":[115.662,68.05,0],"ix":2},"r":{"a":0,"k":0,"ix":10},"sa":{"a":0,"k":0},"o":{"a":0,"k":100,"ix":11}},"ef":[],"shapes":[{"ty":"gr","bm":0,"hd":false,"mn":"ADBE Vector Group","nm":"Group 1","ix":1,"cix":2,"np":2,"it":[{"ty":"sh","bm":0,"hd":false,"mn":"ADBE Vector Shape - Group","nm":"Path 1","ix":1,"d":1,"ks":{"a":0,"k":{"c":true,"i":[[0,0],[2.698,-18.287],[-4.496,0.3]],"o":[[0,0],[-2.698,18.286],[4.497,-0.599]],"v":[[11.692,-20.685],[-24.882,2.398],[23.083,14.989]]},"ix":2}},{"ty":"fl","bm":0,"hd":false,"mn":"ADBE Vector Graphic - Fill","nm":"Fill 1","c":{"a":0,"k":[0.2863,0.4745,0.7373],"ix":4},"r":1,"o":{"a":0,"k":100,"ix":5}},{"ty":"tr","a":{"a":0,"k":[0,0],"ix":1},"s":{"a":0,"k":[100,100],"ix":3},"sk":{"a":0,"k":0,"ix":4},"p":{"a":0,"k":[27.829,20.935],"ix":2},"r":{"a":0,"k":0,"ix":6},"sa":{"a":0,"k":0,"ix":5},"o":{"a":0,"k":100,"ix":7}}]},{"ty":"gr","bm":0,"hd":false,"mn":"ADBE Vector Group","nm":"Group 2","ix":2,"cix":2,"np":2,"it":[{"ty":"sh","bm":0,"hd":false,"mn":"ADBE Vector Shape - Group","nm":"Path 1","ix":1,"d":1,"ks":{"a":0,"k":{"c":true,"i":[[0,0],[-2.698,-18.286],[4.496,0.599]],"o":[[0,0],[2.398,18.287],[-4.497,-0.599]],"v":[[-11.391,-20.085],[24.881,1.798],[-22.783,15.588]]},"ix":2}},{"ty":"fl","bm":0,"hd":false,"mn":"ADBE Vector Graphic - Fill","nm":"Fill 1","c":{"a":0,"k":[0.2863,0.4745,0.7373],"ix":4},"r":1,"o":{"a":0,"k":100,"ix":5}},{"ty":"tr","a":{"a":0,"k":[0,0],"ix":1},"s":{"a":0,"k":[100,100],"ix":3},"sk":{"a":0,"k":0,"ix":4},"p":{"a":0,"k":[206.794,29.328],"ix":2},"r":{"a":0,"k":0,"ix":6},"sa":{"a":0,"k":0,"ix":5},"o":{"a":0,"k":100,"ix":7}}]}],"ind":14,"parent":3},{"ty":4,"nm":"m","sr":1,"st":0,"op":180,"ip":0,"hd":false,"ddd":0,"bm":0,"hasMask":false,"ao":0,"ks":{"a":{"a":0,"k":[246.964,89.433,0],"ix":1},"s":{"a":0,"k":[100,100,100],"ix":6},"sk":{"a":0,"k":0},"p":{"a":0,"k":[115.962,122.759,0],"ix":2},"r":{"a":0,"k":0,"ix":10},"sa":{"a":0,"k":0},"o":{"a":0,"k":100,"ix":11}},"ef":[],"shapes":[{"ty":"gr","bm":0,"hd":false,"mn":"ADBE Vector Group","nm":"Group 1","ix":1,"cix":2,"np":2,"it":[{"ty":"sh","bm":0,"hd":false,"mn":"ADBE Vector Shape - Group","nm":"Path 1","ix":1,"d":1,"ks":{"a":0,"k":{"c":false,"i":[[0,0],[0,0]],"o":[[0,0],[0,0]],"v":[[3.148,-6.295],[-3.148,6.295]]},"ix":2}},{"ty":"st","bm":0,"hd":false,"mn":"ADBE Vector Graphic - Stroke","nm":"Stroke 1","lc":2,"lj":2,"ml":1,"o":{"a":0,"k":100,"ix":4},"w":{"a":0,"k":3,"ix":5},"c":{"a":0,"k":[0.2863,0.4745,0.7373],"ix":3}},{"ty":"tr","a":{"a":0,"k":[0,0],"ix":1},"s":{"a":0,"k":[100,100],"ix":3},"sk":{"a":0,"k":0,"ix":4},"p":{"a":0,"k":[461.453,102.172],"ix":2},"r":{"a":0,"k":0,"ix":6},"sa":{"a":0,"k":0,"ix":5},"o":{"a":0,"k":100,"ix":7}}]},{"ty":"gr","bm":0,"hd":false,"mn":"ADBE Vector Group","nm":"Group 2","ix":2,"cix":2,"np":2,"it":[{"ty":"sh","bm":0,"hd":false,"mn":"ADBE Vector Shape - Group","nm":"Path 1","ix":1,"d":1,"ks":{"a":0,"k":{"c":false,"i":[[0,0],[0,0]],"o":[[0,0],[0,0]],"v":[[3.148,-6.295],[-3.148,6.295]]},"ix":2}},{"ty":"st","bm":0,"hd":false,"mn":"ADBE Vector Graphic - Stroke","nm":"Stroke 1","lc":2,"lj":2,"ml":1,"o":{"a":0,"k":100,"ix":4},"w":{"a":0,"k":3,"ix":5},"c":{"a":0,"k":[0.2863,0.4745,0.7373],"ix":3}},{"ty":"tr","a":{"a":0,"k":[0,0],"ix":1},"s":{"a":0,"k":[100,100],"ix":3},"sk":{"a":0,"k":0,"ix":4},"p":{"a":0,"k":[398.2,44.316],"ix":2},"r":{"a":0,"k":0,"ix":6},"sa":{"a":0,"k":0,"ix":5},"o":{"a":0,"k":100,"ix":7}}]},{"ty":"gr","bm":0,"hd":false,"mn":"ADBE Vector Group","nm":"Group 3","ix":3,"cix":2,"np":2,"it":[{"ty":"sh","bm":0,"hd":false,"mn":"ADBE Vector Shape - Group","nm":"Path 1","ix":1,"d":1,"ks":{"a":0,"k":{"c":false,"i":[[0,0],[0,0]],"o":[[0,0],[0,0]],"v":[[3.148,-6.296],[-3.148,6.296]]},"ix":2}},{"ty":"st","bm":0,"hd":false,"mn":"ADBE Vector Graphic - Stroke","nm":"Stroke 1","lc":2,"lj":2,"ml":1,"o":{"a":0,"k":100,"ix":4},"w":{"a":0,"k":3,"ix":5},"c":{"a":0,"k":[0.2863,0.4745,0.7373],"ix":3}},{"ty":"tr","a":{"a":0,"k":[0,0],"ix":1},"s":{"a":0,"k":[100,100],"ix":3},"sk":{"a":0,"k":0,"ix":4},"p":{"a":0,"k":[476.441,124.656],"ix":2},"r":{"a":0,"k":0,"ix":6},"sa":{"a":0,"k":0,"ix":5},"o":{"a":0,"k":100,"ix":7}}]},{"ty":"gr","bm":0,"hd":false,"mn":"ADBE Vector Group","nm":"Group 4","ix":4,"cix":2,"np":2,"it":[{"ty":"sh","bm":0,"hd":false,"mn":"ADBE Vector Shape - Group","nm":"Path 1","ix":1,"d":1,"ks":{"a":0,"k":{"c":false,"i":[[0,0],[0,0]],"o":[[0,0],[0,0]],"v":[[3.148,-6.296],[-3.148,6.296]]},"ix":2}},{"ty":"st","bm":0,"hd":false,"mn":"ADBE Vector Graphic - Stroke","nm":"Stroke 1","lc":2,"lj":2,"ml":1,"o":{"a":0,"k":100,"ix":4},"w":{"a":0,"k":3,"ix":5},"c":{"a":0,"k":[0.2863,0.4745,0.7373],"ix":3}},{"ty":"tr","a":{"a":0,"k":[0,0],"ix":1},"s":{"a":0,"k":[100,100],"ix":3},"sk":{"a":0,"k":0,"ix":4},"p":{"a":0,"k":[373.019,28.728],"ix":2},"r":{"a":0,"k":0,"ix":6},"sa":{"a":0,"k":0,"ix":5},"o":{"a":0,"k":100,"ix":7}}]},{"ty":"gr","bm":0,"hd":false,"mn":"ADBE Vector Group","nm":"Group 5","ix":5,"cix":2,"np":2,"it":[{"ty":"sh","bm":0,"hd":false,"mn":"ADBE Vector Shape - Group","nm":"Path 1","ix":1,"d":1,"ks":{"a":0,"k":{"c":false,"i":[[0,0],[-40.47,-74.045],[5.096,8.094],[72.845,26.98]],"o":[[0,0],[5.095,9.293],[-19.786,-31.477],[0,0]],"v":[[-74.494,-39.121],[44.817,75.394],[69.398,36.423],[-73.894,-84.686]]},"ix":2}},{"ty":"fl","bm":0,"hd":false,"mn":"ADBE Vector Graphic - Fill","nm":"Fill 1","c":{"a":0,"k":[0.5765,0.7451,0.9804],"ix":4},"r":1,"o":{"a":0,"k":100,"ix":5}},{"ty":"tr","a":{"a":0,"k":[0,0],"ix":1},"s":{"a":0,"k":[100,100],"ix":3},"sk":{"a":0,"k":0,"ix":4},"p":{"a":0,"k":[419.184,93.929],"ix":2},"r":{"a":0,"k":0,"ix":6},"sa":{"a":0,"k":0,"ix":5},"o":{"a":0,"k":100,"ix":7}}]},{"ty":"gr","bm":0,"hd":false,"mn":"ADBE Vector Group","nm":"Group 6","ix":6,"cix":2,"np":2,"it":[{"ty":"sh","bm":0,"hd":false,"mn":"ADBE Vector Shape - Group","nm":"Path 1","ix":1,"d":1,"ks":{"a":0,"k":{"c":false,"i":[[0,0],[0,0]],"o":[[0,0],[0,0]],"v":[[-3.147,-6.296],[3.147,6.296]]},"ix":2}},{"ty":"st","bm":0,"hd":false,"mn":"ADBE Vector Graphic - Stroke","nm":"Stroke 1","lc":2,"lj":2,"ml":1,"o":{"a":0,"k":100,"ix":4},"w":{"a":0,"k":3,"ix":5},"c":{"a":0,"k":[0.2863,0.4745,0.7373],"ix":3}},{"ty":"tr","a":{"a":0,"k":[0,0],"ix":1},"s":{"a":0,"k":[100,100],"ix":3},"sk":{"a":0,"k":0,"ix":4},"p":{"a":0,"k":[17.487,115.063],"ix":2},"r":{"a":0,"k":0,"ix":6},"sa":{"a":0,"k":0,"ix":5},"o":{"a":0,"k":100,"ix":7}}]},{"ty":"gr","bm":0,"hd":false,"mn":"ADBE Vector Group","nm":"Group 7","ix":7,"cix":2,"np":2,"it":[{"ty":"sh","bm":0,"hd":false,"mn":"ADBE Vector Shape - Group","nm":"Path 1","ix":1,"d":1,"ks":{"a":0,"k":{"c":false,"i":[[0,0],[0,0]],"o":[[0,0],[0,0]],"v":[[-3.147,-6.295],[3.147,6.295]]},"ix":2}},{"ty":"st","bm":0,"hd":false,"mn":"ADBE Vector Graphic - Stroke","nm":"Stroke 1","lc":2,"lj":2,"ml":1,"o":{"a":0,"k":100,"ix":4},"w":{"a":0,"k":3,"ix":5},"c":{"a":0,"k":[0.2863,0.4745,0.7373],"ix":3}},{"ty":"tr","a":{"a":0,"k":[0,0],"ix":1},"s":{"a":0,"k":[100,100],"ix":3},"sk":{"a":0,"k":0,"ix":4},"p":{"a":0,"k":[95.728,34.723],"ix":2},"r":{"a":0,"k":0,"ix":6},"sa":{"a":0,"k":0,"ix":5},"o":{"a":0,"k":100,"ix":7}}]},{"ty":"gr","bm":0,"hd":false,"mn":"ADBE Vector Group","nm":"Group 8","ix":8,"cix":2,"np":2,"it":[{"ty":"sh","bm":0,"hd":false,"mn":"ADBE Vector Shape - Group","nm":"Path 1","ix":1,"d":1,"ks":{"a":0,"k":{"c":false,"i":[[0,0],[0,0]],"o":[[0,0],[0,0]],"v":[[-3.147,-6.296],[3.147,6.296]]},"ix":2}},{"ty":"st","bm":0,"hd":false,"mn":"ADBE Vector Graphic - Stroke","nm":"Stroke 1","lc":2,"lj":2,"ml":1,"o":{"a":0,"k":100,"ix":4},"w":{"a":0,"k":3,"ix":5},"c":{"a":0,"k":[0.2863,0.4745,0.7373],"ix":3}},{"ty":"tr","a":{"a":0,"k":[0,0],"ix":1},"s":{"a":0,"k":[100,100],"ix":3},"sk":{"a":0,"k":0,"ix":4},"p":{"a":0,"k":[120.909,19.135],"ix":2},"r":{"a":0,"k":0,"ix":6},"sa":{"a":0,"k":0,"ix":5},"o":{"a":0,"k":100,"ix":7}}]},{"ty":"gr","bm":0,"hd":false,"mn":"ADBE Vector Group","nm":"Group 9","ix":9,"cix":2,"np":2,"it":[{"ty":"sh","bm":0,"hd":false,"mn":"ADBE Vector Shape - Group","nm":"Path 1","ix":1,"d":1,"ks":{"a":0,"k":{"c":false,"i":[[0,0],[40.469,-74.044],[-5.096,8.094],[-72.845,26.979]],"o":[[0,0],[-5.096,9.293],[19.786,-31.476],[0,0]],"v":[[74.494,-39.121],[-44.816,75.393],[-69.398,36.422],[73.894,-84.686]]},"ix":2}},{"ty":"fl","bm":0,"hd":false,"mn":"ADBE Vector Graphic - Fill","nm":"Fill 1","c":{"a":0,"k":[0.5765,0.7451,0.9804],"ix":4},"r":1,"o":{"a":0,"k":100,"ix":5}},{"ty":"tr","a":{"a":0,"k":[0,0],"ix":1},"s":{"a":0,"k":[100,100],"ix":3},"sk":{"a":0,"k":0,"ix":4},"p":{"a":0,"k":[74.744,84.936],"ix":2},"r":{"a":0,"k":0,"ix":6},"sa":{"a":0,"k":0,"ix":5},"o":{"a":0,"k":100,"ix":7}}]}],"ind":15,"parent":3},{"ty":4,"nm":"legs","sr":1,"st":0,"op":180,"ip":0,"hd":false,"ddd":0,"bm":0,"hasMask":false,"ao":0,"ks":{"a":{"a":0,"k":[254.447,627.947,0],"ix":1},"s":{"a":0,"k":[100,100,100],"ix":6},"sk":{"a":0,"k":0},"p":{"a":0,"k":[625.5,1125.1,0],"ix":2},"r":{"a":0,"k":0,"ix":10},"sa":{"a":0,"k":0},"o":{"a":0,"k":100,"ix":11}},"ef":[],"shapes":[{"ty":"gr","bm":0,"hd":false,"mn":"ADBE Vector Group","nm":"Group 1","ix":1,"cix":2,"np":2,"it":[{"ty":"sh","bm":0,"hd":false,"mn":"ADBE Vector Shape - Group","nm":"Path 1","ix":1,"d":1,"ks":{"a":0,"k":{"c":true,"i":[[3,3],[-24.3,2.4],[-14.701,-3.299],[-12.901,0],[0,0],[7.5,-6.9]],"o":[[-3.3,-3.3],[22.5,-2.399],[9.599,2.1],[5.699,0],[0,0],[-4.5,3.6]],"v":[[-112.8,17.699],[-69.6,-21.301],[-16.199,-0.901],[21.301,1.199],[99,0.899],[108.6,20.099]]},"ix":2}},{"ty":"fl","bm":0,"hd":false,"mn":"ADBE Vector Graphic - Fill","nm":"Fill 1","c":{"a":0,"k":[0.2863,0.4745,0.7373],"ix":4},"r":1,"o":{"a":0,"k":100,"ix":5}},{"ty":"tr","a":{"a":0,"k":[0,0],"ix":1},"s":{"a":0,"k":[100,100],"ix":3},"sk":{"a":0,"k":0,"ix":4},"p":{"a":0,"k":[372.544,611.944],"ix":2},"r":{"a":0,"k":0,"ix":6},"sa":{"a":0,"k":0,"ix":5},"o":{"a":0,"k":100,"ix":7}}]},{"ty":"gr","bm":0,"hd":false,"mn":"ADBE Vector Group","nm":"Group 2","ix":2,"cix":2,"np":2,"it":[{"ty":"sh","bm":0,"hd":false,"mn":"ADBE Vector Shape - Group","nm":"Path 1","ix":1,"d":1,"ks":{"a":0,"k":{"c":true,"i":[[15.601,-2.7],[1.199,-8.699],[-3,-2.4],[3.899,-7.8],[-3.899,-9.299],[0,0],[0,0],[25.8,6.3],[11.401,1.2],[3,6],[9.599,3.6]],"o":[[0,0],[-0.601,5.7],[0,0],[-3.901,7.5],[1.8,4.201],[0,0],[0,0],[-23.101,-5.7],[-7.2,-0.6],[-4.5,-8.7],[-14.701,-5.4]],"v":[[-86.85,-30.75],[-98.549,-21.451],[-92.85,-10.351],[-101.549,0.449],[-108.151,31.649],[0.15,30.149],[112.049,30.75],[81.451,2.25],[41.849,-4.951],[25.65,-14.551],[6.751,-30.451]]},"ix":2}},{"ty":"fl","bm":0,"hd":false,"mn":"ADBE Vector Graphic - Fill","nm":"Fill 1","c":{"a":0,"k":[0.5765,0.7451,0.9804],"ix":4},"r":1,"o":{"a":0,"k":100,"ix":5}},{"ty":"tr","a":{"a":0,"k":[0,0],"ix":1},"s":{"a":0,"k":[100,100],"ix":3},"sk":{"a":0,"k":0,"ix":4},"p":{"a":0,"k":[367.897,597.397],"ix":2},"r":{"a":0,"k":0,"ix":6},"sa":{"a":0,"k":0,"ix":5},"o":{"a":0,"k":100,"ix":7}}]},{"ty":"gr","bm":0,"hd":false,"mn":"ADBE Vector Group","nm":"Group 3","ix":3,"cix":2,"np":2,"it":[{"ty":"sh","bm":0,"hd":false,"mn":"ADBE Vector Shape - Group","nm":"Path 1","ix":1,"d":1,"ks":{"a":0,"k":{"c":true,"i":[[-3,3.3],[24.3,2.4],[14.701,-3.6],[12.901,0],[0,0],[-7.799,-6.599]],"o":[[3.3,-3.3],[-22.5,-2.1],[-9.599,2.4],[-5.699,0],[0,0],[4.201,3.901]],"v":[[112.8,16.349],[69.3,-22.351],[16.199,-1.351],[-21.301,1.049],[-99,1.349],[-108.301,20.549]]},"ix":2}},{"ty":"fl","bm":0,"hd":false,"mn":"ADBE Vector Graphic - Fill","nm":"Fill 1","c":{"a":0,"k":[0.2863,0.4745,0.7373],"ix":4},"r":1,"o":{"a":0,"k":100,"ix":5}},{"ty":"tr","a":{"a":0,"k":[0,0],"ix":1},"s":{"a":0,"k":[100,100],"ix":3},"sk":{"a":0,"k":0,"ix":4},"p":{"a":1,"k":[{"o":{"x":0.333,"y":0},"i":{"x":0.667,"y":1},"s":[116.35,610.294],"t":0,"ti":[0,0],"to":[-9.227,0]},{"o":{"x":0.333,"y":0},"i":{"x":0.667,"y":1},"s":[60.987,610.294],"t":60,"ti":[-9.227,0],"to":[0,0]},{"s":[116.35,610.294],"t":120}],"ix":2},"r":{"a":0,"k":0,"ix":6},"sa":{"a":0,"k":0,"ix":5},"o":{"a":0,"k":100,"ix":7}}]},{"ty":"gr","bm":0,"hd":false,"mn":"ADBE Vector Group","nm":"Group 4","ix":4,"cix":2,"np":2,"it":[{"ty":"sh","bm":0,"hd":false,"mn":"ADBE Vector Shape - Group","nm":"Path 1","ix":1,"d":1,"ks":{"a":0,"k":{"c":true,"i":[[-15.3,-2.399],[-1.2,-8.7],[3.3,-2.4],[-3.9,-7.5],[3.9,-9.3],[0,0],[0,0],[-25.8,6.601],[-11.4,1.2],[-3,5.701],[-11.7,2.7]],"o":[[0,0],[0.6,5.699],[0,0],[4.2,7.5],[-1.8,4.2],[0,0],[0,0],[23.1,-6],[7.2,-0.899],[4.5,-8.7],[9,-2.399]],"v":[[86.25,-31.951],[98.25,-22.65],[92.55,-11.551],[101.25,-1.051],[108.15,30.15],[-0.15,29.85],[-112.05,31.35],[-81.75,2.549],[-42.15,-4.951],[-26.25,-14.551],[-7.65,-30.451]]},"ix":2}},{"ty":"fl","bm":0,"hd":false,"mn":"ADBE Vector Graphic - Fill","nm":"Fill 1","c":{"a":0,"k":[0.5765,0.7451,0.9804],"ix":4},"r":1,"o":{"a":0,"k":100,"ix":5}},{"ty":"tr","a":{"a":0,"k":[0,0],"ix":1},"s":{"a":0,"k":[100,100],"ix":3},"sk":{"a":0,"k":0,"ix":4},"p":{"a":1,"k":[{"o":{"x":0.333,"y":0},"i":{"x":0.667,"y":1},"s":[120.697,595.897],"t":0,"ti":[0,0],"to":[-9.227,0]},{"o":{"x":0.333,"y":0},"i":{"x":0.667,"y":1},"s":[65.334,595.897],"t":60,"ti":[-9.227,0],"to":[0,0]},{"s":[120.697,595.897],"t":120}],"ix":2},"r":{"a":0,"k":0,"ix":6},"sa":{"a":0,"k":0,"ix":5},"o":{"a":0,"k":100,"ix":7}}]},{"ty":"gr","bm":0,"hd":false,"mn":"ADBE Vector Group","nm":"Group 5","ix":5,"cix":2,"np":2,"it":[{"ty":"sh","bm":0,"hd":false,"mn":"ADBE Vector Shape - Group","nm":"Path 1","ix":1,"d":1,"ks":{"a":0,"k":{"c":true,"i":[[0,0],[0,0],[0,0],[0,0]],"o":[[0,0],[0,0],[0,0],[0,0]],"v":[[-58.55,-94.95],[53.3,-95.7],[54.3,19.2],[-52.5,20.7]]},"ix":2}},{"ty":"fl","bm":0,"hd":false,"mn":"ADBE Vector Graphic - Fill","nm":"Fill 1","c":{"a":0,"k":[0.7961,0.8941,0.9882],"ix":4},"r":1,"o":{"a":0,"k":100,"ix":5}},{"ty":"tr","a":{"a":0,"k":[0,0],"ix":1},"s":{"a":0,"k":[100,100],"ix":3},"sk":{"a":0,"k":0,"ix":4},"p":{"a":0,"k":[327.247,552.546],"ix":2},"r":{"a":0,"k":0,"ix":6},"sa":{"a":0,"k":0,"ix":5},"o":{"a":0,"k":100,"ix":7}}]},{"ty":"gr","bm":0,"hd":false,"mn":"ADBE Vector Group","nm":"Group 6","ix":6,"cix":2,"np":2,"it":[{"ty":"sh","bm":0,"hd":false,"mn":"ADBE Vector Shape - Group","nm":"Path 1","ix":1,"d":1,"ks":{"a":1,"k":[{"o":{"x":0.333,"y":0},"i":{"x":0.667,"y":1},"s":[{"c":true,"i":[[0,0],[0,0],[0,0],[0,0]],"o":[[0,0],[0,0],[0,0],[0,0]],"v":[[42.15,-104.25],[-73.45,-92.55],[-51.95,24.75],[57.45,17.851]]}],"t":0},{"o":{"x":0.333,"y":0},"i":{"x":0.667,"y":1},"s":[{"c":true,"i":[[0,0],[0,0],[0,0],[0,0]],"o":[[0,0],[0,0],[0,0],[0,0]],"v":[[69.65,-90.25],[-45.95,-93.175],[-56.45,24.75],[57.45,17.851]]}],"t":60},{"s":[{"c":true,"i":[[0,0],[0,0],[0,0],[0,0]],"o":[[0,0],[0,0],[0,0],[0,0]],"v":[[42.15,-104.25],[-73.45,-92.55],[-51.95,24.75],[57.45,17.851]]}],"t":120}],"ix":2}},{"ty":"fl","bm":0,"hd":false,"mn":"ADBE Vector Graphic - Fill","nm":"Fill 1","c":{"a":0,"k":[0.7961,0.8941,0.9882],"ix":4},"r":1,"o":{"a":0,"k":100,"ix":5}},{"ty":"tr","a":{"a":0,"k":[0,0],"ix":1},"s":{"a":0,"k":[100,100],"ix":3},"sk":{"a":0,"k":0,"ix":4},"p":{"a":1,"k":[{"o":{"x":0.333,"y":0},"i":{"x":0.667,"y":1},"s":[157.3,554.193],"t":0,"ti":[0,0],"to":[-9.469,0]},{"o":{"x":0.333,"y":0},"i":{"x":0.667,"y":1},"s":[100.487,554.193],"t":60,"ti":[-9.469,0],"to":[0,0]},{"s":[157.3,554.193],"t":120}],"ix":2},"r":{"a":0,"k":0,"ix":6},"sa":{"a":0,"k":0,"ix":5},"o":{"a":0,"k":100,"ix":7}}]},{"ty":"gr","bm":0,"hd":false,"mn":"ADBE Vector Group","nm":"Group 7","ix":7,"cix":2,"np":2,"it":[{"ty":"sh","bm":0,"hd":false,"mn":"ADBE Vector Shape - Group","nm":"Path 1","ix":1,"d":1,"ks":{"a":1,"k":[{"o":{"x":0.333,"y":0},"i":{"x":0.667,"y":1},"s":[{"c":true,"i":[[-6,-150.6],[0,0],[3.3,115.5],[2.101,35.1],[7.8,30.9],[3.3,-3.599],[5.4,-10.5],[9,-18.9],[15,-35.1],[0,-32.699],[0,0],[0,0],[4.199,33.6],[-3.901,9],[-13.8,28.8],[-5.7,11.401],[0.301,4.2]],"o":[[0,0],[-2.1,-115.201],[0,-35.4],[-1.8,-31.2],[-2.399,-9.299],[-8.7,8.401],[-9.6,18.6],[-16.5,34.5],[-12.6,29.7],[0.301,29.1],[0,0],[0,0],[-1.201,-10.199],[12,-29.7],[5.7,-11.4],[1.8,-3.599],[9,150.601]],"v":[[54.15,284.699],[158.55,277.801],[151.05,-68.1],[145.65,-174.6],[136.65,-270.9],[-36.45,-281.1],[-55.95,-249.001],[-83.85,-192.901],[-131.85,-88.501],[-158.55,7.499],[-115.95,284.699],[-11.85,274.199],[-45.749,5.999],[-33.749,-28.801],[5.85,-116.1],[22.65,-150.6],[30.45,-166.801]]}],"t":0},{"o":{"x":0.333,"y":0},"i":{"x":0.667,"y":1},"s":[{"c":true,"i":[[-6,-150.6],[0,0],[3.3,115.5],[2.101,35.1],[-2.297,28.297],[3.3,-3.599],[5.4,-10.5],[9,-18.9],[12.203,-38.103],[7.403,-40.103],[0,0],[0,0],[-4.398,34.397],[-4.898,13.197],[-11.497,31.247],[-4.701,11.848],[-1.222,2.572]],"o":[[0,0],[-2.1,-115.201],[0,-35.4],[-1.8,-31.2],[-2.399,-9.299],[-8.7,8.401],[-9.6,18.6],[-16.5,34.5],[-11.297,33.397],[-5.097,30.397],[0,0],[0,0],[4.102,-20.603],[8.602,-21.803],[5.753,-17.253],[2.828,-7.128],[9,150.601]],"v":[[54.15,284.699],[158.55,277.801],[151.05,-68.1],[145.65,-174.6],[136.65,-270.9],[-30.45,-281.1],[-50.95,-248.001],[-77.35,-191.401],[-122.85,-76.001],[-149.55,29.999],[-172.45,266.199],[-68.35,255.699],[-30.749,19.499],[-15.749,-28.8],[10.85,-100.851],[26.65,-139.85],[31.7,-152.551]]}],"t":60},{"s":[{"c":true,"i":[[-6,-150.6],[0,0],[3.3,115.5],[2.101,35.1],[7.8,30.9],[3.3,-3.599],[5.4,-10.5],[9,-18.9],[15,-35.1],[0,-32.699],[0,0],[0,0],[4.199,33.6],[-3.901,9],[-13.8,28.8],[-5.7,11.401],[0.301,4.2]],"o":[[0,0],[-2.1,-115.201],[0,-35.4],[-1.8,-31.2],[-2.399,-9.299],[-8.7,8.401],[-9.6,18.6],[-16.5,34.5],[-12.6,29.7],[0.301,29.1],[0,0],[0,0],[-1.201,-10.199],[12,-29.7],[5.7,-11.4],[1.8,-3.599],[9,150.601]],"v":[[54.15,284.699],[158.55,277.801],[151.05,-68.1],[145.65,-174.6],[136.65,-270.9],[-36.45,-281.1],[-55.95,-249.001],[-83.85,-192.901],[-131.85,-88.501],[-158.55,7.499],[-115.95,284.699],[-11.85,274.199],[-45.749,5.999],[-33.749,-28.801],[5.85,-116.1],[22.65,-150.6],[30.45,-166.801]]}],"t":120}],"ix":2}},{"ty":"fl","bm":0,"hd":false,"mn":"ADBE Vector Graphic - Fill","nm":"Fill 1","c":{"a":0,"k":[0.8745,0.6431,0.5686],"ix":4},"r":1,"o":{"a":0,"k":100,"ix":5}},{"ty":"tr","a":{"a":0,"k":[0,0],"ix":1},"s":{"a":0,"k":[100,100],"ix":3},"sk":{"a":0,"k":0,"ix":4},"p":{"a":0,"k":[222.094,284.95],"ix":2},"r":{"a":0,"k":0,"ix":6},"sa":{"a":0,"k":0,"ix":5},"o":{"a":0,"k":100,"ix":7}}]}],"ind":16}],"v":"5.6.5","fr":60,"op":180,"ip":0,"assets":[]}